experiment_id,descriptor_type,pooling_strategy,dataset_name,similarity_threshold,max_features,mean_average_precision,true_map_macro,true_map_micro,true_map_macro_with_zeros,true_map_micro_with_zeros,legacy_mean_precision,precision_at_1,precision_at_5,recall_at_1,recall_at_5,total_matches,total_keypoints,processing_time_ms,metadata,macro_map,micro_map,macro_map_with_zeros,micro_map_with_zeros,base_type,uses_color,normalization,pooling,pooling_clean,map_improvement,map_improvement_pct
26,dspsift_baseline_color_dsp_l2,domain_size_pooling,../data/,0.800000011920929,2000,0.5501127511193913,0.5501127511193913,0.5449672709053381,0.5060996186604426,0.49345242193594213,0.5101675894080977,0.5034138397849673,0.5874355000098099,0.5034138397849673,0.5874355000098099,67693,101940,146536.0,compute_time_ms=92908.000000;detect_time_ms=0.000000;experiment_name=dspsift_systematic_analysis;i_autannes_excluded_count=0;i_autannes_query_count=10000;i_autannes_true_map=0.551118;i_autannes_true_map_with_zeros=0.551118;i_contruction_excluded_count=10;i_contruction_query_count=9990;i_contruction_true_map=0.717580;i_contruction_true_map_with_zeros=0.716863;i_dome_excluded_count=0;i_dome_query_count=10000;i_dome_true_map=0.456445;i_dome_true_map_with_zeros=0.456445;i_greentea_excluded_count=0;i_greentea_query_count=10000;i_greentea_true_map=0.650135;i_greentea_true_map_with_zeros=0.650135;i_londonbridge_excluded_count=0;i_londonbridge_query_count=10000;i_londonbridge_true_map=0.405227;i_londonbridge_true_map_with_zeros=0.405227;i_porta_excluded_count=0;i_porta_query_count=4920;i_porta_true_map=0.698554;i_porta_true_map_with_zeros=0.698554;images_per_sec=0.409456;kps_per_sec=153.655075;match_time_ms=836.000000;precision_at_1=0.503414;precision_at_10=0.619465;precision_at_5=0.587436;r0_rate=0.094528;recall_at_1=0.503414;recall_at_10=0.619465;recall_at_5=0.587436;success=true;total_images=60;total_keypoints=22516;total_queries_excluded=10642;total_queries_processed=101938;v_beyus_excluded_count=123;v_beyus_query_count=9877;v_beyus_true_map=0.340975;v_beyus_true_map_with_zeros=0.336781;v_charing_excluded_count=5915;v_charing_query_count=4085;v_charing_true_map=0.453365;v_charing_true_map_with_zeros=0.185200;v_churchill_excluded_count=789;v_churchill_query_count=9211;v_churchill_true_map=0.595227;v_churchill_true_map_with_zeros=0.548263;v_vitro_excluded_count=697;v_vitro_query_count=9303;v_vitro_true_map=0.488191;v_vitro_true_map_with_zeros=0.454164;v_wall_excluded_count=292;v_wall_query_count=7368;v_wall_true_map=0.724376;v_wall_true_map_with_zeros=0.696762;v_yard_excluded_count=2816;v_yard_query_count=7184;v_yard_true_map=0.520160;v_yard_true_map_with_zeros=0.373683;,0.5501127511193913,0.5449672709053381,0.5060996186604426,0.49345242193594213,RGBSIFT,True,L2,DSP,DSP,0.061768149333741584,12.648475913910815
28,dspsift_color_dsp_l1,domain_size_pooling,../data/,0.800000011920929,2000,0.5501127511193913,0.5501127511193913,0.5449672709053381,0.5060996186604426,0.49345242193594213,0.5101675894080977,0.5034138397849673,0.5874355000098099,0.5034138397849673,0.5874355000098099,67693,101940,146777.0,compute_time_ms=92920.000000;detect_time_ms=0.000000;experiment_name=dspsift_systematic_analysis;i_autannes_excluded_count=0;i_autannes_query_count=10000;i_autannes_true_map=0.551118;i_autannes_true_map_with_zeros=0.551118;i_contruction_excluded_count=10;i_contruction_query_count=9990;i_contruction_true_map=0.717580;i_contruction_true_map_with_zeros=0.716863;i_dome_excluded_count=0;i_dome_query_count=10000;i_dome_true_map=0.456445;i_dome_true_map_with_zeros=0.456445;i_greentea_excluded_count=0;i_greentea_query_count=10000;i_greentea_true_map=0.650135;i_greentea_true_map_with_zeros=0.650135;i_londonbridge_excluded_count=0;i_londonbridge_query_count=10000;i_londonbridge_true_map=0.405227;i_londonbridge_true_map_with_zeros=0.405227;i_porta_excluded_count=0;i_porta_query_count=4920;i_porta_true_map=0.698554;i_porta_true_map_with_zeros=0.698554;images_per_sec=0.408783;kps_per_sec=153.402781;match_time_ms=853.000000;precision_at_1=0.503414;precision_at_10=0.619465;precision_at_5=0.587436;r0_rate=0.094528;recall_at_1=0.503414;recall_at_10=0.619465;recall_at_5=0.587436;success=true;total_images=60;total_keypoints=22516;total_queries_excluded=10642;total_queries_processed=101938;v_beyus_excluded_count=123;v_beyus_query_count=9877;v_beyus_true_map=0.340975;v_beyus_true_map_with_zeros=0.336781;v_charing_excluded_count=5915;v_charing_query_count=4085;v_charing_true_map=0.453365;v_charing_true_map_with_zeros=0.185200;v_churchill_excluded_count=789;v_churchill_query_count=9211;v_churchill_true_map=0.595227;v_churchill_true_map_with_zeros=0.548263;v_vitro_excluded_count=697;v_vitro_query_count=9303;v_vitro_true_map=0.488191;v_vitro_true_map_with_zeros=0.454164;v_wall_excluded_count=292;v_wall_query_count=7368;v_wall_true_map=0.724376;v_wall_true_map_with_zeros=0.696762;v_yard_excluded_count=2816;v_yard_query_count=7184;v_yard_true_map=0.520160;v_yard_true_map_with_zeros=0.373683;,0.5501127511193913,0.5449672709053381,0.5060996186604426,0.49345242193594213,RGBSIFT,True,L1,DSP,DSP,0.061768149333741584,12.648475913910815
25,dspsift_baseline_grayscale_dsp_l2,domain_size_pooling,../data/,0.800000011920929,2000,0.5501039486390028,0.5501039486390028,0.5449557337649479,0.5060895290678104,0.4934419753822282,0.5099645109806535,0.5034040299005278,0.587366830818733,0.5034040299005278,0.587366830818733,67697,101940,138738.0,compute_time_ms=91017.000000;detect_time_ms=0.000000;experiment_name=dspsift_systematic_analysis;i_autannes_excluded_count=0;i_autannes_query_count=10000;i_autannes_true_map=0.551106;i_autannes_true_map_with_zeros=0.551106;i_contruction_excluded_count=10;i_contruction_query_count=9990;i_contruction_true_map=0.717570;i_contruction_true_map_with_zeros=0.716853;i_dome_excluded_count=0;i_dome_query_count=10000;i_dome_true_map=0.456352;i_dome_true_map_with_zeros=0.456352;i_greentea_excluded_count=0;i_greentea_query_count=10000;i_greentea_true_map=0.650117;i_greentea_true_map_with_zeros=0.650117;i_londonbridge_excluded_count=0;i_londonbridge_query_count=10000;i_londonbridge_true_map=0.405140;i_londonbridge_true_map_with_zeros=0.405140;i_porta_excluded_count=0;i_porta_query_count=4920;i_porta_true_map=0.698590;i_porta_true_map_with_zeros=0.698590;images_per_sec=0.432470;kps_per_sec=162.291514;match_time_ms=836.000000;precision_at_1=0.503404;precision_at_10=0.619455;precision_at_5=0.587367;r0_rate=0.094528;recall_at_1=0.503404;recall_at_10=0.619455;recall_at_5=0.587367;success=true;total_images=60;total_keypoints=22516;total_queries_excluded=10642;total_queries_processed=101938;v_beyus_excluded_count=123;v_beyus_query_count=9877;v_beyus_true_map=0.341061;v_beyus_true_map_with_zeros=0.336866;v_charing_excluded_count=5915;v_charing_query_count=4085;v_charing_true_map=0.453404;v_charing_true_map_with_zeros=0.185216;v_churchill_excluded_count=789;v_churchill_query_count=9211;v_churchill_true_map=0.595190;v_churchill_true_map_with_zeros=0.548230;v_vitro_excluded_count=697;v_vitro_query_count=9303;v_vitro_true_map=0.488316;v_vitro_true_map_with_zeros=0.454281;v_wall_excluded_count=292;v_wall_query_count=7368;v_wall_true_map=0.724279;v_wall_true_map_with_zeros=0.696669;v_yard_excluded_count=2816;v_yard_query_count=7184;v_yard_true_map=0.520121;v_yard_true_map_with_zeros=0.373655;,0.5501039486390028,0.5449557337649479,0.5060895290678104,0.4934419753822282,SIFT,False,L2,DSP,DSP,0.0617593468533531,12.646673399793467
27,dspsift_baseline_grayscale_dsp_l1,domain_size_pooling,../data/,0.800000011920929,2000,0.5501039486390028,0.5501039486390028,0.5449557337649479,0.5060895290678104,0.4934419753822282,0.5099645109806535,0.5034040299005278,0.587366830818733,0.5034040299005278,0.587366830818733,67697,101940,140055.0,compute_time_ms=92340.000000;detect_time_ms=0.000000;experiment_name=dspsift_systematic_analysis;i_autannes_excluded_count=0;i_autannes_query_count=10000;i_autannes_true_map=0.551106;i_autannes_true_map_with_zeros=0.551106;i_contruction_excluded_count=10;i_contruction_query_count=9990;i_contruction_true_map=0.717570;i_contruction_true_map_with_zeros=0.716853;i_dome_excluded_count=0;i_dome_query_count=10000;i_dome_true_map=0.456352;i_dome_true_map_with_zeros=0.456352;i_greentea_excluded_count=0;i_greentea_query_count=10000;i_greentea_true_map=0.650117;i_greentea_true_map_with_zeros=0.650117;i_londonbridge_excluded_count=0;i_londonbridge_query_count=10000;i_londonbridge_true_map=0.405140;i_londonbridge_true_map_with_zeros=0.405140;i_porta_excluded_count=0;i_porta_query_count=4920;i_porta_true_map=0.698590;i_porta_true_map_with_zeros=0.698590;images_per_sec=0.428403;kps_per_sec=160.765414;match_time_ms=835.000000;precision_at_1=0.503404;precision_at_10=0.619455;precision_at_5=0.587367;r0_rate=0.094528;recall_at_1=0.503404;recall_at_10=0.619455;recall_at_5=0.587367;success=true;total_images=60;total_keypoints=22516;total_queries_excluded=10642;total_queries_processed=101938;v_beyus_excluded_count=123;v_beyus_query_count=9877;v_beyus_true_map=0.341061;v_beyus_true_map_with_zeros=0.336866;v_charing_excluded_count=5915;v_charing_query_count=4085;v_charing_true_map=0.453404;v_charing_true_map_with_zeros=0.185216;v_churchill_excluded_count=789;v_churchill_query_count=9211;v_churchill_true_map=0.595190;v_churchill_true_map_with_zeros=0.548230;v_vitro_excluded_count=697;v_vitro_query_count=9303;v_vitro_true_map=0.488316;v_vitro_true_map_with_zeros=0.454281;v_wall_excluded_count=292;v_wall_query_count=7368;v_wall_true_map=0.724279;v_wall_true_map_with_zeros=0.696669;v_yard_excluded_count=2816;v_yard_query_count=7184;v_yard_true_map=0.520121;v_yard_true_map_with_zeros=0.373655;,0.5501039486390028,0.5449557337649479,0.5060895290678104,0.4934419753822282,SIFT,False,L1,DSP,DSP,0.0617593468533531,12.646673399793467
29,dspsift_grayscale_stacking_l2,stacking,../data/,0.800000011920929,2000,0.5252714969296997,0.5252714969296997,0.5218790501113714,0.48479464500621483,0.4725466922211136,0.5074692003833986,0.4798406874767015,0.5642056936569287,0.4798406874767015,0.5642056936569287,64501,101940,78451.0,compute_time_ms=24984.000000;detect_time_ms=0.000000;experiment_name=dspsift_systematic_analysis;i_autannes_excluded_count=0;i_autannes_query_count=10000;i_autannes_true_map=0.541514;i_autannes_true_map_with_zeros=0.541514;i_contruction_excluded_count=10;i_contruction_query_count=9990;i_contruction_true_map=0.724314;i_contruction_true_map_with_zeros=0.723590;i_dome_excluded_count=0;i_dome_query_count=10000;i_dome_true_map=0.449165;i_dome_true_map_with_zeros=0.449165;i_greentea_excluded_count=0;i_greentea_query_count=10000;i_greentea_true_map=0.664627;i_greentea_true_map_with_zeros=0.664627;i_londonbridge_excluded_count=0;i_londonbridge_query_count=10000;i_londonbridge_true_map=0.335362;i_londonbridge_true_map_with_zeros=0.335362;i_porta_excluded_count=0;i_porta_query_count=4920;i_porta_true_map=0.671260;i_porta_true_map_with_zeros=0.671260;images_per_sec=0.764809;kps_per_sec=287.007176;match_time_ms=1513.000000;precision_at_1=0.479841;precision_at_10=0.598030;precision_at_5=0.564206;r0_rate=0.094528;recall_at_1=0.479841;recall_at_10=0.598030;recall_at_5=0.564206;success=true;total_images=60;total_keypoints=22516;total_queries_excluded=10642;total_queries_processed=101938;v_beyus_excluded_count=123;v_beyus_query_count=9877;v_beyus_true_map=0.306713;v_beyus_true_map_with_zeros=0.302940;v_charing_excluded_count=5915;v_charing_query_count=4085;v_charing_true_map=0.412527;v_charing_true_map_with_zeros=0.168517;v_churchill_excluded_count=789;v_churchill_query_count=9211;v_churchill_true_map=0.559248;v_churchill_true_map_with_zeros=0.515124;v_vitro_excluded_count=697;v_vitro_query_count=9303;v_vitro_true_map=0.466783;v_vitro_true_map_with_zeros=0.434249;v_wall_excluded_count=292;v_wall_query_count=7368;v_wall_true_map=0.695775;v_wall_true_map_with_zeros=0.669252;v_yard_excluded_count=2816;v_yard_query_count=7184;v_yard_true_map=0.475970;v_yard_true_map_with_zeros=0.341937;,0.5252714969296997,0.5218790501113714,0.48479464500621483,0.4725466922211136,SIFT,False,L2,Stacking,Stacking,0.036926895144049954,7.561647043711639
30,dspsift_color_stacking_l2,stacking,../data/,0.800000011920929,2000,0.5252714969296997,0.5252714969296997,0.5218790501113714,0.48479464500621483,0.4725466922211136,0.5074692003833986,0.4798406874767015,0.5642056936569287,0.4798406874767015,0.5642056936569287,64501,101940,84837.0,compute_time_ms=25170.000000;detect_time_ms=0.000000;experiment_name=dspsift_systematic_analysis;i_autannes_excluded_count=0;i_autannes_query_count=10000;i_autannes_true_map=0.541514;i_autannes_true_map_with_zeros=0.541514;i_contruction_excluded_count=10;i_contruction_query_count=9990;i_contruction_true_map=0.724314;i_contruction_true_map_with_zeros=0.723590;i_dome_excluded_count=0;i_dome_query_count=10000;i_dome_true_map=0.449165;i_dome_true_map_with_zeros=0.449165;i_greentea_excluded_count=0;i_greentea_query_count=10000;i_greentea_true_map=0.664627;i_greentea_true_map_with_zeros=0.664627;i_londonbridge_excluded_count=0;i_londonbridge_query_count=10000;i_londonbridge_true_map=0.335362;i_londonbridge_true_map_with_zeros=0.335362;i_porta_excluded_count=0;i_porta_query_count=4920;i_porta_true_map=0.671260;i_porta_true_map_with_zeros=0.671260;images_per_sec=0.707239;kps_per_sec=265.403067;match_time_ms=1505.000000;precision_at_1=0.479841;precision_at_10=0.598030;precision_at_5=0.564206;r0_rate=0.094528;recall_at_1=0.479841;recall_at_10=0.598030;recall_at_5=0.564206;success=true;total_images=60;total_keypoints=22516;total_queries_excluded=10642;total_queries_processed=101938;v_beyus_excluded_count=123;v_beyus_query_count=9877;v_beyus_true_map=0.306713;v_beyus_true_map_with_zeros=0.302940;v_charing_excluded_count=5915;v_charing_query_count=4085;v_charing_true_map=0.412527;v_charing_true_map_with_zeros=0.168517;v_churchill_excluded_count=789;v_churchill_query_count=9211;v_churchill_true_map=0.559248;v_churchill_true_map_with_zeros=0.515124;v_vitro_excluded_count=697;v_vitro_query_count=9303;v_vitro_true_map=0.466783;v_vitro_true_map_with_zeros=0.434249;v_wall_excluded_count=292;v_wall_query_count=7368;v_wall_true_map=0.695775;v_wall_true_map_with_zeros=0.669252;v_yard_excluded_count=2816;v_yard_query_count=7184;v_yard_true_map=0.475970;v_yard_true_map_with_zeros=0.341937;,0.5252714969296997,0.5218790501113714,0.48479464500621483,0.4725466922211136,RGBSIFT,True,L2,Stacking,Stacking,0.036926895144049954,7.561647043711639
6,rgbsift_color_dsp_l2,domain_size_pooling,../data/,0.800000011920929,2000,0.49103535795100434,0.49103535795100434,0.4912247572237879,0.4560035926589412,0.44479009861323937,0.4999126132399712,0.44673232749318215,0.5354038729423768,0.44673232749318215,0.5354038729423768,60149,101940,324572.0,compute_time_ms=258634.000000;detect_time_ms=0.000000;experiment_name=sift_systematic_analysis;i_autannes_excluded_count=0;i_autannes_query_count=10000;i_autannes_true_map=0.526578;i_autannes_true_map_with_zeros=0.526578;i_contruction_excluded_count=10;i_contruction_query_count=9990;i_contruction_true_map=0.714593;i_contruction_true_map_with_zeros=0.713879;i_dome_excluded_count=0;i_dome_query_count=10000;i_dome_true_map=0.415751;i_dome_true_map_with_zeros=0.415751;i_greentea_excluded_count=0;i_greentea_query_count=10000;i_greentea_true_map=0.679654;i_greentea_true_map_with_zeros=0.679654;i_londonbridge_excluded_count=0;i_londonbridge_query_count=10000;i_londonbridge_true_map=0.267843;i_londonbridge_true_map_with_zeros=0.267843;i_porta_excluded_count=0;i_porta_query_count=4920;i_porta_true_map=0.615641;i_porta_true_map_with_zeros=0.615641;images_per_sec=0.184859;kps_per_sec=69.371357;match_time_ms=2198.000000;precision_at_1=0.446732;precision_at_10=0.572279;precision_at_5=0.535404;r0_rate=0.094528;recall_at_1=0.446732;recall_at_10=0.572279;recall_at_5=0.535404;success=true;total_images=60;total_keypoints=22516;total_queries_excluded=10642;total_queries_processed=101938;v_beyus_excluded_count=123;v_beyus_query_count=9877;v_beyus_true_map=0.289666;v_beyus_true_map_with_zeros=0.286103;v_charing_excluded_count=5915;v_charing_query_count=4085;v_charing_true_map=0.336971;v_charing_true_map_with_zeros=0.137653;v_churchill_excluded_count=789;v_churchill_query_count=9211;v_churchill_true_map=0.507351;v_churchill_true_map_with_zeros=0.467321;v_vitro_excluded_count=697;v_vitro_query_count=9303;v_vitro_true_map=0.435051;v_vitro_true_map_with_zeros=0.404728;v_wall_excluded_count=292;v_wall_query_count=7368;v_wall_true_map=0.674653;v_wall_true_map_with_zeros=0.648935;v_yard_excluded_count=2816;v_yard_query_count=7184;v_yard_true_map=0.428672;v_yard_true_map_with_zeros=0.307958;,0.49103535795100434,0.4912247572237879,0.4560035926589412,0.44479009861323937,RGBSIFT,True,L2,DSP,DSP,0.0026907561653546352,0.5509953740690053
31,vgg_baseline_grayscale_none_l2,none,../data/,0.800000011920929,2000,0.4883446017856497,0.4883446017856497,0.48861500591245366,0.45496183463488477,0.44242704274918904,0.4875124832847029,0.44217073122878614,0.5349231886048382,0.44217073122878614,0.5349231886048382,59698,101940,67674.0,compute_time_ms=19743.000000;detect_time_ms=0.000000;experiment_name=vgg_systematic_analysis;i_autannes_excluded_count=0;i_autannes_query_count=10000;i_autannes_true_map=0.521169;i_autannes_true_map_with_zeros=0.521169;i_contruction_excluded_count=10;i_contruction_query_count=9990;i_contruction_true_map=0.737395;i_contruction_true_map_with_zeros=0.736658;i_dome_excluded_count=0;i_dome_query_count=10000;i_dome_true_map=0.467972;i_dome_true_map_with_zeros=0.467972;i_greentea_excluded_count=0;i_greentea_query_count=10000;i_greentea_true_map=0.678785;i_greentea_true_map_with_zeros=0.678785;i_londonbridge_excluded_count=0;i_londonbridge_query_count=10000;i_londonbridge_true_map=0.203097;i_londonbridge_true_map_with_zeros=0.203097;i_porta_excluded_count=0;i_porta_query_count=4920;i_porta_true_map=0.664909;i_porta_true_map_with_zeros=0.664909;images_per_sec=0.886603;kps_per_sec=332.712711;match_time_ms=899.000000;precision_at_1=0.442171;precision_at_10=0.574300;precision_at_5=0.534923;r0_rate=0.094528;recall_at_1=0.442171;recall_at_10=0.574300;recall_at_5=0.534923;success=true;total_images=60;total_keypoints=22516;total_queries_excluded=10642;total_queries_processed=101938;v_beyus_excluded_count=123;v_beyus_query_count=9877;v_beyus_true_map=0.267206;v_beyus_true_map_with_zeros=0.263920;v_charing_excluded_count=5915;v_charing_query_count=4085;v_charing_true_map=0.312431;v_charing_true_map_with_zeros=0.127628;v_churchill_excluded_count=789;v_churchill_query_count=9211;v_churchill_true_map=0.551472;v_churchill_true_map_with_zeros=0.507960;v_vitro_excluded_count=697;v_vitro_query_count=9303;v_vitro_true_map=0.421069;v_vitro_true_map_with_zeros=0.391721;v_wall_excluded_count=292;v_wall_query_count=7368;v_wall_true_map=0.626108;v_wall_true_map_with_zeros=0.602241;v_yard_excluded_count=2816;v_yard_query_count=7184;v_yard_true_map=0.408521;v_yard_true_map_with_zeros=0.293482;,0.4883446017856497,0.48861500591245366,0.45496183463488477,0.44242704274918904,SIFT,False,L2,None,None,0.0,0.0
34,vgg_baseline_color_none_l2,none,../data/,0.800000011920929,2000,0.4883446017856497,0.4883446017856497,0.48861500591245366,0.45496183463488477,0.44242704274918904,0.4875124832847029,0.44217073122878614,0.5349231886048382,0.44217073122878614,0.5349231886048382,59698,101940,73674.0,compute_time_ms=19720.000000;detect_time_ms=0.000000;experiment_name=vgg_systematic_analysis;i_autannes_excluded_count=0;i_autannes_query_count=10000;i_autannes_true_map=0.521169;i_autannes_true_map_with_zeros=0.521169;i_contruction_excluded_count=10;i_contruction_query_count=9990;i_contruction_true_map=0.737395;i_contruction_true_map_with_zeros=0.736658;i_dome_excluded_count=0;i_dome_query_count=10000;i_dome_true_map=0.467972;i_dome_true_map_with_zeros=0.467972;i_greentea_excluded_count=0;i_greentea_query_count=10000;i_greentea_true_map=0.678785;i_greentea_true_map_with_zeros=0.678785;i_londonbridge_excluded_count=0;i_londonbridge_query_count=10000;i_londonbridge_true_map=0.203097;i_londonbridge_true_map_with_zeros=0.203097;i_porta_excluded_count=0;i_porta_query_count=4920;i_porta_true_map=0.664909;i_porta_true_map_with_zeros=0.664909;images_per_sec=0.814399;kps_per_sec=305.616635;match_time_ms=899.000000;precision_at_1=0.442171;precision_at_10=0.574300;precision_at_5=0.534923;r0_rate=0.094528;recall_at_1=0.442171;recall_at_10=0.574300;recall_at_5=0.534923;success=true;total_images=60;total_keypoints=22516;total_queries_excluded=10642;total_queries_processed=101938;v_beyus_excluded_count=123;v_beyus_query_count=9877;v_beyus_true_map=0.267206;v_beyus_true_map_with_zeros=0.263920;v_charing_excluded_count=5915;v_charing_query_count=4085;v_charing_true_map=0.312431;v_charing_true_map_with_zeros=0.127628;v_churchill_excluded_count=789;v_churchill_query_count=9211;v_churchill_true_map=0.551472;v_churchill_true_map_with_zeros=0.507960;v_vitro_excluded_count=697;v_vitro_query_count=9303;v_vitro_true_map=0.421069;v_vitro_true_map_with_zeros=0.391721;v_wall_excluded_count=292;v_wall_query_count=7368;v_wall_true_map=0.626108;v_wall_true_map_with_zeros=0.602241;v_yard_excluded_count=2816;v_yard_query_count=7184;v_yard_true_map=0.408521;v_yard_true_map_with_zeros=0.293482;,0.4883446017856497,0.48861500591245366,0.45496183463488477,0.44242704274918904,RGBSIFT,True,L2,None,None,0.0,0.0
35,vgg_baseline_grayscale_none_l1,none,../data/,0.800000011920929,2000,0.4883446017856497,0.4883446017856497,0.48861500591245366,0.45496183463488477,0.44242704274918904,0.4875124832847029,0.44217073122878614,0.5349231886048382,0.44217073122878614,0.5349231886048382,59698,101940,67491.0,compute_time_ms=19688.000000;detect_time_ms=0.000000;experiment_name=vgg_systematic_analysis;i_autannes_excluded_count=0;i_autannes_query_count=10000;i_autannes_true_map=0.521169;i_autannes_true_map_with_zeros=0.521169;i_contruction_excluded_count=10;i_contruction_query_count=9990;i_contruction_true_map=0.737395;i_contruction_true_map_with_zeros=0.736658;i_dome_excluded_count=0;i_dome_query_count=10000;i_dome_true_map=0.467972;i_dome_true_map_with_zeros=0.467972;i_greentea_excluded_count=0;i_greentea_query_count=10000;i_greentea_true_map=0.678785;i_greentea_true_map_with_zeros=0.678785;i_londonbridge_excluded_count=0;i_londonbridge_query_count=10000;i_londonbridge_true_map=0.203097;i_londonbridge_true_map_with_zeros=0.203097;i_porta_excluded_count=0;i_porta_query_count=4920;i_porta_true_map=0.664909;i_porta_true_map_with_zeros=0.664909;images_per_sec=0.889007;kps_per_sec=333.614852;match_time_ms=901.000000;precision_at_1=0.442171;precision_at_10=0.574300;precision_at_5=0.534923;r0_rate=0.094528;recall_at_1=0.442171;recall_at_10=0.574300;recall_at_5=0.534923;success=true;total_images=60;total_keypoints=22516;total_queries_excluded=10642;total_queries_processed=101938;v_beyus_excluded_count=123;v_beyus_query_count=9877;v_beyus_true_map=0.267206;v_beyus_true_map_with_zeros=0.263920;v_charing_excluded_count=5915;v_charing_query_count=4085;v_charing_true_map=0.312431;v_charing_true_map_with_zeros=0.127628;v_churchill_excluded_count=789;v_churchill_query_count=9211;v_churchill_true_map=0.551472;v_churchill_true_map_with_zeros=0.507960;v_vitro_excluded_count=697;v_vitro_query_count=9303;v_vitro_true_map=0.421069;v_vitro_true_map_with_zeros=0.391721;v_wall_excluded_count=292;v_wall_query_count=7368;v_wall_true_map=0.626108;v_wall_true_map_with_zeros=0.602241;v_yard_excluded_count=2816;v_yard_query_count=7184;v_yard_true_map=0.408521;v_yard_true_map_with_zeros=0.293482;,0.4883446017856497,0.48861500591245366,0.45496183463488477,0.44242704274918904,SIFT,False,L1,None,None,0.0,0.0
2,sift_grayscale_dsp_l2,domain_size_pooling,../data/,0.800000011920929,2000,0.48412084772705755,0.48412084772705755,0.48438432871870835,0.44930817288175356,0.4385962844282083,0.4922305874458289,0.44007141595872,0.527928740999431,0.44007141595872,0.527928740999431,59888,101940,90200.0,compute_time_ms=42065.000000;detect_time_ms=0.000000;experiment_name=sift_systematic_analysis;i_autannes_excluded_count=0;i_autannes_query_count=10000;i_autannes_true_map=0.521838;i_autannes_true_map_with_zeros=0.521838;i_contruction_excluded_count=10;i_contruction_query_count=9990;i_contruction_true_map=0.724964;i_contruction_true_map_with_zeros=0.724239;i_dome_excluded_count=0;i_dome_query_count=10000;i_dome_true_map=0.414786;i_dome_true_map_with_zeros=0.414786;i_greentea_excluded_count=0;i_greentea_query_count=10000;i_greentea_true_map=0.671592;i_greentea_true_map_with_zeros=0.671592;i_londonbridge_excluded_count=0;i_londonbridge_query_count=10000;i_londonbridge_true_map=0.259857;i_londonbridge_true_map_with_zeros=0.259857;i_porta_excluded_count=0;i_porta_query_count=4920;i_porta_true_map=0.601482;i_porta_true_map_with_zeros=0.601482;images_per_sec=0.665188;kps_per_sec=249.623060;match_time_ms=846.000000;precision_at_1=0.440071;precision_at_10=0.565030;precision_at_5=0.527929;r0_rate=0.094528;recall_at_1=0.440071;recall_at_10=0.565030;recall_at_5=0.527929;success=true;total_images=60;total_keypoints=22516;total_queries_excluded=10642;total_queries_processed=101938;v_beyus_excluded_count=123;v_beyus_query_count=9877;v_beyus_true_map=0.260969;v_beyus_true_map_with_zeros=0.257759;v_charing_excluded_count=5915;v_charing_query_count=4085;v_charing_true_map=0.338010;v_charing_true_map_with_zeros=0.138077;v_churchill_excluded_count=789;v_churchill_query_count=9211;v_churchill_true_map=0.507836;v_churchill_true_map_with_zeros=0.467768;v_vitro_excluded_count=697;v_vitro_query_count=9303;v_vitro_true_map=0.426179;v_vitro_true_map_with_zeros=0.396474;v_wall_excluded_count=292;v_wall_query_count=7368;v_wall_true_map=0.659447;v_wall_true_map_with_zeros=0.634309;v_yard_excluded_count=2816;v_yard_query_count=7184;v_yard_true_map=0.422490;v_yard_true_map_with_zeros=0.303517;,0.48412084772705755,0.48438432871870835,0.44930817288175356,0.4385962844282083,SIFT,False,L2,DSP,DSP,-0.004223754058592155,-0.8649126135822626
8,sift_grayscale_dsp_l1,domain_size_pooling,../data/,0.800000011920929,2000,0.48412084772705755,0.48412084772705755,0.48438432871870835,0.44930817288175356,0.4385962844282083,0.4922305874458289,0.44007141595872,0.527928740999431,0.44007141595872,0.527928740999431,59888,101940,90349.0,compute_time_ms=42118.000000;detect_time_ms=0.000000;experiment_name=sift_systematic_analysis;i_autannes_excluded_count=0;i_autannes_query_count=10000;i_autannes_true_map=0.521838;i_autannes_true_map_with_zeros=0.521838;i_contruction_excluded_count=10;i_contruction_query_count=9990;i_contruction_true_map=0.724964;i_contruction_true_map_with_zeros=0.724239;i_dome_excluded_count=0;i_dome_query_count=10000;i_dome_true_map=0.414786;i_dome_true_map_with_zeros=0.414786;i_greentea_excluded_count=0;i_greentea_query_count=10000;i_greentea_true_map=0.671592;i_greentea_true_map_with_zeros=0.671592;i_londonbridge_excluded_count=0;i_londonbridge_query_count=10000;i_londonbridge_true_map=0.259857;i_londonbridge_true_map_with_zeros=0.259857;i_porta_excluded_count=0;i_porta_query_count=4920;i_porta_true_map=0.601482;i_porta_true_map_with_zeros=0.601482;images_per_sec=0.664091;kps_per_sec=249.211391;match_time_ms=845.000000;precision_at_1=0.440071;precision_at_10=0.565030;precision_at_5=0.527929;r0_rate=0.094528;recall_at_1=0.440071;recall_at_10=0.565030;recall_at_5=0.527929;success=true;total_images=60;total_keypoints=22516;total_queries_excluded=10642;total_queries_processed=101938;v_beyus_excluded_count=123;v_beyus_query_count=9877;v_beyus_true_map=0.260969;v_beyus_true_map_with_zeros=0.257759;v_charing_excluded_count=5915;v_charing_query_count=4085;v_charing_true_map=0.338010;v_charing_true_map_with_zeros=0.138077;v_churchill_excluded_count=789;v_churchill_query_count=9211;v_churchill_true_map=0.507836;v_churchill_true_map_with_zeros=0.467768;v_vitro_excluded_count=697;v_vitro_query_count=9303;v_vitro_true_map=0.426179;v_vitro_true_map_with_zeros=0.396474;v_wall_excluded_count=292;v_wall_query_count=7368;v_wall_true_map=0.659447;v_wall_true_map_with_zeros=0.634309;v_yard_excluded_count=2816;v_yard_query_count=7184;v_yard_true_map=0.422490;v_yard_true_map_with_zeros=0.303517;,0.48412084772705755,0.48438432871870835,0.44930817288175356,0.4385962844282083,SIFT,False,L1,DSP,DSP,-0.004223754058592155,-0.8649126135822626
17,vsift_grayscale_dsp_l2,domain_size_pooling,../data/,0.800000011920929,2000,0.48407946172063415,0.48407946172063415,0.48433760614019067,0.44927251311433986,0.4385539784572638,0.4922660520846,0.44005179618984086,0.5279091212305519,0.44005179618984086,0.5279091212305519,59889,101940,131654.0,compute_time_ms=83513.000000;detect_time_ms=0.000000;experiment_name=vsift_systematic_analysis;i_autannes_excluded_count=0;i_autannes_query_count=10000;i_autannes_true_map=0.521659;i_autannes_true_map_with_zeros=0.521659;i_contruction_excluded_count=10;i_contruction_query_count=9990;i_contruction_true_map=0.725159;i_contruction_true_map_with_zeros=0.724434;i_dome_excluded_count=0;i_dome_query_count=10000;i_dome_true_map=0.414888;i_dome_true_map_with_zeros=0.414888;i_greentea_excluded_count=0;i_greentea_query_count=10000;i_greentea_true_map=0.671612;i_greentea_true_map_with_zeros=0.671612;i_londonbridge_excluded_count=0;i_londonbridge_query_count=10000;i_londonbridge_true_map=0.259748;i_londonbridge_true_map_with_zeros=0.259748;i_porta_excluded_count=0;i_porta_query_count=4920;i_porta_true_map=0.601593;i_porta_true_map_with_zeros=0.601593;images_per_sec=0.455740;kps_per_sec=171.024048;match_time_ms=836.000000;precision_at_1=0.440052;precision_at_10=0.564961;precision_at_5=0.527909;r0_rate=0.094528;recall_at_1=0.440052;recall_at_10=0.564961;recall_at_5=0.527909;success=true;total_images=60;total_keypoints=22516;total_queries_excluded=10642;total_queries_processed=101938;v_beyus_excluded_count=123;v_beyus_query_count=9877;v_beyus_true_map=0.260922;v_beyus_true_map_with_zeros=0.257712;v_charing_excluded_count=5915;v_charing_query_count=4085;v_charing_true_map=0.338022;v_charing_true_map_with_zeros=0.138082;v_churchill_excluded_count=789;v_churchill_query_count=9211;v_churchill_true_map=0.507730;v_churchill_true_map_with_zeros=0.467670;v_vitro_excluded_count=697;v_vitro_query_count=9303;v_vitro_true_map=0.425880;v_vitro_true_map_with_zeros=0.396196;v_wall_excluded_count=292;v_wall_query_count=7368;v_wall_true_map=0.659412;v_wall_true_map_with_zeros=0.634275;v_yard_excluded_count=2816;v_yard_query_count=7184;v_yard_true_map=0.422330;v_yard_true_map_with_zeros=0.303402;,0.48407946172063415,0.48433760614019067,0.44927251311433986,0.4385539784572638,SIFT,False,L2,DSP,DSP,-0.004265140065015549,-0.8733873681453446
23,vsift_grayscale_dsp_l1,domain_size_pooling,../data/,0.800000011920929,2000,0.48407946172063415,0.48407946172063415,0.48433760614019067,0.44927251311433986,0.4385539784572638,0.4922660520846,0.44005179618984086,0.5279091212305519,0.44005179618984086,0.5279091212305519,59889,101940,131519.0,compute_time_ms=83446.000000;detect_time_ms=0.000000;experiment_name=vsift_systematic_analysis;i_autannes_excluded_count=0;i_autannes_query_count=10000;i_autannes_true_map=0.521659;i_autannes_true_map_with_zeros=0.521659;i_contruction_excluded_count=10;i_contruction_query_count=9990;i_contruction_true_map=0.725159;i_contruction_true_map_with_zeros=0.724434;i_dome_excluded_count=0;i_dome_query_count=10000;i_dome_true_map=0.414888;i_dome_true_map_with_zeros=0.414888;i_greentea_excluded_count=0;i_greentea_query_count=10000;i_greentea_true_map=0.671612;i_greentea_true_map_with_zeros=0.671612;i_londonbridge_excluded_count=0;i_londonbridge_query_count=10000;i_londonbridge_true_map=0.259748;i_londonbridge_true_map_with_zeros=0.259748;i_porta_excluded_count=0;i_porta_query_count=4920;i_porta_true_map=0.601593;i_porta_true_map_with_zeros=0.601593;images_per_sec=0.456208;kps_per_sec=171.199599;match_time_ms=836.000000;precision_at_1=0.440052;precision_at_10=0.564961;precision_at_5=0.527909;r0_rate=0.094528;recall_at_1=0.440052;recall_at_10=0.564961;recall_at_5=0.527909;success=true;total_images=60;total_keypoints=22516;total_queries_excluded=10642;total_queries_processed=101938;v_beyus_excluded_count=123;v_beyus_query_count=9877;v_beyus_true_map=0.260922;v_beyus_true_map_with_zeros=0.257712;v_charing_excluded_count=5915;v_charing_query_count=4085;v_charing_true_map=0.338022;v_charing_true_map_with_zeros=0.138082;v_churchill_excluded_count=789;v_churchill_query_count=9211;v_churchill_true_map=0.507730;v_churchill_true_map_with_zeros=0.467670;v_vitro_excluded_count=697;v_vitro_query_count=9303;v_vitro_true_map=0.425880;v_vitro_true_map_with_zeros=0.396196;v_wall_excluded_count=292;v_wall_query_count=7368;v_wall_true_map=0.659412;v_wall_true_map_with_zeros=0.634275;v_yard_excluded_count=2816;v_yard_query_count=7184;v_yard_true_map=0.422330;v_yard_true_map_with_zeros=0.303402;,0.48407946172063415,0.48433760614019067,0.44927251311433986,0.4385539784572638,SIFT,False,L1,DSP,DSP,-0.004265140065015549,-0.8733873681453446
21,vsift_color_dsp_l2,domain_size_pooling,../data/,0.800000011920929,2000,0.4840651997781958,0.4840651997781958,0.4843137070385509,0.44924056923484906,0.4385323384979197,0.49222935650782235,0.4399929368832035,0.5279483607683102,0.4399929368832035,0.5279483607683102,59867,101940,138459.0,compute_time_ms=84158.000000;detect_time_ms=0.000000;experiment_name=vsift_systematic_analysis;i_autannes_excluded_count=0;i_autannes_query_count=10000;i_autannes_true_map=0.521596;i_autannes_true_map_with_zeros=0.521596;i_contruction_excluded_count=10;i_contruction_query_count=9990;i_contruction_true_map=0.725065;i_contruction_true_map_with_zeros=0.724339;i_dome_excluded_count=0;i_dome_query_count=10000;i_dome_true_map=0.414792;i_dome_true_map_with_zeros=0.414792;i_greentea_excluded_count=0;i_greentea_query_count=10000;i_greentea_true_map=0.671504;i_greentea_true_map_with_zeros=0.671504;i_londonbridge_excluded_count=0;i_londonbridge_query_count=10000;i_londonbridge_true_map=0.259660;i_londonbridge_true_map_with_zeros=0.259660;i_porta_excluded_count=0;i_porta_query_count=4920;i_porta_true_map=0.601244;i_porta_true_map_with_zeros=0.601244;images_per_sec=0.433341;kps_per_sec=162.618537;match_time_ms=834.000000;precision_at_1=0.439993;precision_at_10=0.564951;precision_at_5=0.527948;r0_rate=0.094528;recall_at_1=0.439993;recall_at_10=0.564951;recall_at_5=0.527948;success=true;total_images=60;total_keypoints=22516;total_queries_excluded=10642;total_queries_processed=101938;v_beyus_excluded_count=123;v_beyus_query_count=9877;v_beyus_true_map=0.261128;v_beyus_true_map_with_zeros=0.257916;v_charing_excluded_count=5915;v_charing_query_count=4085;v_charing_true_map=0.338450;v_charing_true_map_with_zeros=0.138257;v_churchill_excluded_count=789;v_churchill_query_count=9211;v_churchill_true_map=0.507645;v_churchill_true_map_with_zeros=0.467592;v_vitro_excluded_count=697;v_vitro_query_count=9303;v_vitro_true_map=0.425964;v_vitro_true_map_with_zeros=0.396274;v_wall_excluded_count=292;v_wall_query_count=7368;v_wall_true_map=0.659578;v_wall_true_map_with_zeros=0.634435;v_yard_excluded_count=2816;v_yard_query_count=7184;v_yard_true_map=0.422157;v_yard_true_map_with_zeros=0.303278;,0.4840651997781958,0.4843137070385509,0.44924056923484906,0.4385323384979197,RGBSIFT,True,L2,DSP,DSP,-0.004279402007453914,-0.8763078350423299
36,vgg_color_dsp_l2,domain_size_pooling,../data/,0.800000011920929,2000,0.47997520171043395,0.47997520171043395,0.4810720059369059,0.446082506539589,0.4355970700052968,0.48315665980050565,0.43428358413937884,0.527683493888442,0.43428358413937884,0.527683493888442,58364,101940,115016.0,compute_time_ms=60771.000000;detect_time_ms=0.000000;experiment_name=vgg_systematic_analysis;i_autannes_excluded_count=0;i_autannes_query_count=10000;i_autannes_true_map=0.505436;i_autannes_true_map_with_zeros=0.505436;i_contruction_excluded_count=10;i_contruction_query_count=9990;i_contruction_true_map=0.741612;i_contruction_true_map_with_zeros=0.740870;i_dome_excluded_count=0;i_dome_query_count=10000;i_dome_true_map=0.422690;i_dome_true_map_with_zeros=0.422690;i_greentea_excluded_count=0;i_greentea_query_count=10000;i_greentea_true_map=0.684793;i_greentea_true_map_with_zeros=0.684793;i_londonbridge_excluded_count=0;i_londonbridge_query_count=10000;i_londonbridge_true_map=0.183873;i_londonbridge_true_map_with_zeros=0.183873;i_porta_excluded_count=0;i_porta_query_count=4920;i_porta_true_map=0.608877;i_porta_true_map_with_zeros=0.608877;images_per_sec=0.521667;kps_per_sec=195.764068;match_time_ms=898.000000;precision_at_1=0.434284;precision_at_10=0.566374;precision_at_5=0.527683;r0_rate=0.094528;recall_at_1=0.434284;recall_at_10=0.566374;recall_at_5=0.527683;success=true;total_images=60;total_keypoints=22516;total_queries_excluded=10642;total_queries_processed=101938;v_beyus_excluded_count=123;v_beyus_query_count=9877;v_beyus_true_map=0.265857;v_beyus_true_map_with_zeros=0.262587;v_charing_excluded_count=5915;v_charing_query_count=4085;v_charing_true_map=0.316661;v_charing_true_map_with_zeros=0.129356;v_churchill_excluded_count=789;v_churchill_query_count=9211;v_churchill_true_map=0.568692;v_churchill_true_map_with_zeros=0.523822;v_vitro_excluded_count=697;v_vitro_query_count=9303;v_vitro_true_map=0.423782;v_vitro_true_map_with_zeros=0.394245;v_wall_excluded_count=292;v_wall_query_count=7368;v_wall_true_map=0.620797;v_wall_true_map_with_zeros=0.597132;v_yard_excluded_count=2816;v_yard_query_count=7184;v_yard_true_map=0.416631;v_yard_true_map_with_zeros=0.299308;,0.47997520171043395,0.4810720059369059,0.446082506539589,0.4355970700052968,RGBSIFT,True,L2,DSP,DSP,-0.00836940007521575,-1.7138307753608282
32,vgg_grayscale_dsp_l2,domain_size_pooling,../data/,0.800000011920929,2000,0.47994567648812797,0.47994567648812797,0.4810286374327569,0.4460613552658131,0.43555780105365405,0.48354643878720366,0.43420510506386234,0.5277129235417607,0.43420510506386234,0.5277129235417607,58343,101940,108559.0,compute_time_ms=60507.000000;detect_time_ms=0.000000;experiment_name=vgg_systematic_analysis;i_autannes_excluded_count=0;i_autannes_query_count=10000;i_autannes_true_map=0.505253;i_autannes_true_map_with_zeros=0.505253;i_contruction_excluded_count=10;i_contruction_query_count=9990;i_contruction_true_map=0.741648;i_contruction_true_map_with_zeros=0.740906;i_dome_excluded_count=0;i_dome_query_count=10000;i_dome_true_map=0.422331;i_dome_true_map_with_zeros=0.422331;i_greentea_excluded_count=0;i_greentea_query_count=10000;i_greentea_true_map=0.684643;i_greentea_true_map_with_zeros=0.684643;i_londonbridge_excluded_count=0;i_londonbridge_query_count=10000;i_londonbridge_true_map=0.183990;i_londonbridge_true_map_with_zeros=0.183990;i_porta_excluded_count=0;i_porta_query_count=4920;i_porta_true_map=0.609225;i_porta_true_map_with_zeros=0.609225;images_per_sec=0.552695;kps_per_sec=207.407953;match_time_ms=898.000000;precision_at_1=0.434205;precision_at_10=0.566570;precision_at_5=0.527713;r0_rate=0.094528;recall_at_1=0.434205;recall_at_10=0.566570;recall_at_5=0.527713;success=true;total_images=60;total_keypoints=22516;total_queries_excluded=10642;total_queries_processed=101938;v_beyus_excluded_count=123;v_beyus_query_count=9877;v_beyus_true_map=0.265790;v_beyus_true_map_with_zeros=0.262521;v_charing_excluded_count=5915;v_charing_query_count=4085;v_charing_true_map=0.316392;v_charing_true_map_with_zeros=0.129246;v_churchill_excluded_count=789;v_churchill_query_count=9211;v_churchill_true_map=0.568731;v_churchill_true_map_with_zeros=0.523858;v_vitro_excluded_count=697;v_vitro_query_count=9303;v_vitro_true_map=0.423638;v_vitro_true_map_with_zeros=0.394110;v_wall_excluded_count=292;v_wall_query_count=7368;v_wall_true_map=0.620846;v_wall_true_map_with_zeros=0.597180;v_yard_excluded_count=2816;v_yard_query_count=7184;v_yard_true_map=0.416860;v_yard_true_map_with_zeros=0.299472;,0.47994567648812797,0.4810286374327569,0.4460613552658131,0.43555780105365405,SIFT,False,L2,DSP,DSP,-0.008398925297521731,-1.719876756456559
38,vgg_grayscale_dsp_l1,domain_size_pooling,../data/,0.800000011920929,2000,0.47994567648812797,0.47994567648812797,0.4810286374327569,0.4460613552658131,0.43555780105365405,0.48354643878720366,0.43420510506386234,0.5277129235417607,0.43420510506386234,0.5277129235417607,58343,101940,108076.0,compute_time_ms=60197.000000;detect_time_ms=0.000000;experiment_name=vgg_systematic_analysis;i_autannes_excluded_count=0;i_autannes_query_count=10000;i_autannes_true_map=0.505253;i_autannes_true_map_with_zeros=0.505253;i_contruction_excluded_count=10;i_contruction_query_count=9990;i_contruction_true_map=0.741648;i_contruction_true_map_with_zeros=0.740906;i_dome_excluded_count=0;i_dome_query_count=10000;i_dome_true_map=0.422331;i_dome_true_map_with_zeros=0.422331;i_greentea_excluded_count=0;i_greentea_query_count=10000;i_greentea_true_map=0.684643;i_greentea_true_map_with_zeros=0.684643;i_londonbridge_excluded_count=0;i_londonbridge_query_count=10000;i_londonbridge_true_map=0.183990;i_londonbridge_true_map_with_zeros=0.183990;i_porta_excluded_count=0;i_porta_query_count=4920;i_porta_true_map=0.609225;i_porta_true_map_with_zeros=0.609225;images_per_sec=0.555165;kps_per_sec=208.334875;match_time_ms=905.000000;precision_at_1=0.434205;precision_at_10=0.566570;precision_at_5=0.527713;r0_rate=0.094528;recall_at_1=0.434205;recall_at_10=0.566570;recall_at_5=0.527713;success=true;total_images=60;total_keypoints=22516;total_queries_excluded=10642;total_queries_processed=101938;v_beyus_excluded_count=123;v_beyus_query_count=9877;v_beyus_true_map=0.265790;v_beyus_true_map_with_zeros=0.262521;v_charing_excluded_count=5915;v_charing_query_count=4085;v_charing_true_map=0.316392;v_charing_true_map_with_zeros=0.129246;v_churchill_excluded_count=789;v_churchill_query_count=9211;v_churchill_true_map=0.568731;v_churchill_true_map_with_zeros=0.523858;v_vitro_excluded_count=697;v_vitro_query_count=9303;v_vitro_true_map=0.423638;v_vitro_true_map_with_zeros=0.394110;v_wall_excluded_count=292;v_wall_query_count=7368;v_wall_true_map=0.620846;v_wall_true_map_with_zeros=0.597180;v_yard_excluded_count=2816;v_yard_query_count=7184;v_yard_true_map=0.416860;v_yard_true_map_with_zeros=0.299472;,0.47994567648812797,0.4810286374327569,0.4460613552658131,0.43555780105365405,SIFT,False,L1,DSP,DSP,-0.008398925297521731,-1.719876756456559
4,rgbsift_baseline_color_none_l2,none,../data/,0.800000011920929,2000,0.4793792088005144,0.4793792088005144,0.47923370358413675,0.4455764005881094,0.43393253931390774,0.4918310310799975,0.4338911887617964,0.5239459279169691,0.4338911887617964,0.5239459279169691,59237,101940,100657.0,compute_time_ms=34666.000000;detect_time_ms=0.000000;experiment_name=sift_systematic_analysis;i_autannes_excluded_count=0;i_autannes_query_count=10000;i_autannes_true_map=0.518494;i_autannes_true_map_with_zeros=0.518494;i_contruction_excluded_count=10;i_contruction_query_count=9990;i_contruction_true_map=0.692000;i_contruction_true_map_with_zeros=0.691308;i_dome_excluded_count=0;i_dome_query_count=10000;i_dome_true_map=0.410704;i_dome_true_map_with_zeros=0.410704;i_greentea_excluded_count=0;i_greentea_query_count=10000;i_greentea_true_map=0.673979;i_greentea_true_map_with_zeros=0.673979;i_londonbridge_excluded_count=0;i_londonbridge_query_count=10000;i_londonbridge_true_map=0.271412;i_londonbridge_true_map_with_zeros=0.271412;i_porta_excluded_count=0;i_porta_query_count=4920;i_porta_true_map=0.616462;i_porta_true_map_with_zeros=0.616462;images_per_sec=0.596084;kps_per_sec=223.690354;match_time_ms=2199.000000;precision_at_1=0.433891;precision_at_10=0.562420;precision_at_5=0.523946;r0_rate=0.094528;recall_at_1=0.433891;recall_at_10=0.562420;recall_at_5=0.523946;success=true;total_images=60;total_keypoints=22516;total_queries_excluded=10642;total_queries_processed=101938;v_beyus_excluded_count=123;v_beyus_query_count=9877;v_beyus_true_map=0.256620;v_beyus_true_map_with_zeros=0.253464;v_charing_excluded_count=5915;v_charing_query_count=4085;v_charing_true_map=0.327331;v_charing_true_map_with_zeros=0.133715;v_churchill_excluded_count=789;v_churchill_query_count=9211;v_churchill_true_map=0.490022;v_churchill_true_map_with_zeros=0.451359;v_vitro_excluded_count=697;v_vitro_query_count=9303;v_vitro_true_map=0.429208;v_vitro_true_map_with_zeros=0.399292;v_wall_excluded_count=292;v_wall_query_count=7368;v_wall_true_map=0.659950;v_wall_true_map_with_zeros=0.634793;v_yard_excluded_count=2816;v_yard_query_count=7184;v_yard_true_map=0.406369;v_yard_true_map_with_zeros=0.291935;,0.4793792088005144,0.47923370358413675,0.4455764005881094,0.43393253931390774,RGBSIFT,True,L2,None,None,-0.008965392985135323,-1.8358742888429684
7,rgbsift_color_stacking_l2,stacking,../data/,0.800000011920929,2000,0.4785152634653214,0.4785152634653214,0.4779959712111436,0.44480085425918886,0.43281180772181166,0.4897196513409623,0.4331946869665875,0.5224352057132767,0.4331946869665875,0.5224352057132767,59370,101940,113441.0,compute_time_ms=41940.000000;detect_time_ms=0.000000;experiment_name=sift_systematic_analysis;i_autannes_excluded_count=0;i_autannes_query_count=10000;i_autannes_true_map=0.515260;i_autannes_true_map_with_zeros=0.515260;i_contruction_excluded_count=10;i_contruction_query_count=9990;i_contruction_true_map=0.706275;i_contruction_true_map_with_zeros=0.705569;i_dome_excluded_count=0;i_dome_query_count=10000;i_dome_true_map=0.412078;i_dome_true_map_with_zeros=0.412078;i_greentea_excluded_count=0;i_greentea_query_count=10000;i_greentea_true_map=0.669730;i_greentea_true_map_with_zeros=0.669730;i_londonbridge_excluded_count=0;i_londonbridge_query_count=10000;i_londonbridge_true_map=0.268157;i_londonbridge_true_map_with_zeros=0.268157;i_porta_excluded_count=0;i_porta_query_count=4920;i_porta_true_map=0.625550;i_porta_true_map_with_zeros=0.625550;images_per_sec=0.528909;kps_per_sec=198.482030;match_time_ms=2948.000000;precision_at_1=0.433195;precision_at_10=0.560135;precision_at_5=0.522435;r0_rate=0.094528;recall_at_1=0.433195;recall_at_10=0.560135;recall_at_5=0.522435;success=true;total_images=60;total_keypoints=22516;total_queries_excluded=10642;total_queries_processed=101938;v_beyus_excluded_count=123;v_beyus_query_count=9877;v_beyus_true_map=0.245869;v_beyus_true_map_with_zeros=0.242845;v_charing_excluded_count=5915;v_charing_query_count=4085;v_charing_true_map=0.328471;v_charing_true_map_with_zeros=0.134180;v_churchill_excluded_count=789;v_churchill_query_count=9211;v_churchill_true_map=0.489702;v_churchill_true_map_with_zeros=0.451065;v_vitro_excluded_count=697;v_vitro_query_count=9303;v_vitro_true_map=0.424204;v_vitro_true_map_with_zeros=0.394637;v_wall_excluded_count=292;v_wall_query_count=7368;v_wall_true_map=0.654148;v_wall_true_map_with_zeros=0.629212;v_yard_excluded_count=2816;v_yard_query_count=7184;v_yard_true_map=0.402739;v_yard_true_map_with_zeros=0.289328;,0.4785152634653214,0.4779959712111436,0.44480085425918886,0.43281180772181166,RGBSIFT,True,L2,Stacking,Stacking,-0.009829338320328285,-2.0127873400027263
12,honc_color_stacking_l2,stacking,../data/,0.800000011920929,2000,0.47352464239720615,0.47352464239720615,0.47301991346142364,0.43941206853331943,0.42830612842805654,0.4498764711453587,0.42642586670329025,0.5194824304969687,0.42642586670329025,0.5194824304969687,53807,95940,94484.0,compute_time_ms=34570.000000;detect_time_ms=0.000000;experiment_name=honc_systematic_analysis;i_autannes_excluded_count=0;i_autannes_query_count=10000;i_autannes_true_map=0.510577;i_autannes_true_map_with_zeros=0.510577;i_contruction_excluded_count=10;i_contruction_query_count=9990;i_contruction_true_map=0.673588;i_contruction_true_map_with_zeros=0.672914;i_dome_excluded_count=0;i_dome_query_count=10000;i_dome_true_map=0.385096;i_dome_true_map_with_zeros=0.385096;i_greentea_excluded_count=0;i_greentea_query_count=10000;i_greentea_true_map=0.661215;i_greentea_true_map_with_zeros=0.661215;i_londonbridge_excluded_count=0;i_londonbridge_query_count=10000;i_londonbridge_true_map=0.275948;i_londonbridge_true_map_with_zeros=0.275948;i_porta_excluded_count=0;i_porta_query_count=4920;i_porta_true_map=0.597044;i_porta_true_map_with_zeros=0.597044;images_per_sec=0.635028;kps_per_sec=238.304898;match_time_ms=1505.000000;precision_at_1=0.426426;precision_at_10=0.559546;precision_at_5=0.519482;r0_rate=0.094528;recall_at_1=0.426426;recall_at_10=0.559546;recall_at_5=0.519482;success=true;total_images=60;total_keypoints=22516;total_queries_excluded=10642;total_queries_processed=101938;v_beyus_excluded_count=123;v_beyus_query_count=9877;v_beyus_true_map=0.247877;v_beyus_true_map_with_zeros=0.244828;v_charing_excluded_count=5915;v_charing_query_count=4085;v_charing_true_map=0.326907;v_charing_true_map_with_zeros=0.133542;v_churchill_excluded_count=789;v_churchill_query_count=9211;v_churchill_true_map=0.490730;v_churchill_true_map_with_zeros=0.452012;v_vitro_excluded_count=697;v_vitro_query_count=9303;v_vitro_true_map=0.437699;v_vitro_true_map_with_zeros=0.407191;v_wall_excluded_count=292;v_wall_query_count=7368;v_wall_true_map=0.656550;v_wall_true_map_with_zeros=0.631523;v_yard_excluded_count=2816;v_yard_query_count=7184;v_yard_true_map=0.419065;v_yard_true_map_with_zeros=0.301057;,0.47352464239720615,0.47301991346142364,0.43941206853331943,0.42830612842805654,RGBSIFT,True,L2,Stacking,Stacking,-0.014819959388443549,-3.034733942845653
15,honc_color_stacking_l1,stacking,../data/,0.800000011920929,2000,0.47352464239720615,0.47352464239720615,0.47301991346142364,0.43941206853331943,0.42830612842805654,0.4498764711453587,0.42642586670329025,0.5194824304969687,0.42642586670329025,0.5194824304969687,53807,95940,93963.0,compute_time_ms=33888.000000;detect_time_ms=0.000000;experiment_name=honc_systematic_analysis;i_autannes_excluded_count=0;i_autannes_query_count=10000;i_autannes_true_map=0.510577;i_autannes_true_map_with_zeros=0.510577;i_contruction_excluded_count=10;i_contruction_query_count=9990;i_contruction_true_map=0.673588;i_contruction_true_map_with_zeros=0.672914;i_dome_excluded_count=0;i_dome_query_count=10000;i_dome_true_map=0.385096;i_dome_true_map_with_zeros=0.385096;i_greentea_excluded_count=0;i_greentea_query_count=10000;i_greentea_true_map=0.661215;i_greentea_true_map_with_zeros=0.661215;i_londonbridge_excluded_count=0;i_londonbridge_query_count=10000;i_londonbridge_true_map=0.275948;i_londonbridge_true_map_with_zeros=0.275948;i_porta_excluded_count=0;i_porta_query_count=4920;i_porta_true_map=0.597044;i_porta_true_map_with_zeros=0.597044;images_per_sec=0.638549;kps_per_sec=239.626236;match_time_ms=1510.000000;precision_at_1=0.426426;precision_at_10=0.559546;precision_at_5=0.519482;r0_rate=0.094528;recall_at_1=0.426426;recall_at_10=0.559546;recall_at_5=0.519482;success=true;total_images=60;total_keypoints=22516;total_queries_excluded=10642;total_queries_processed=101938;v_beyus_excluded_count=123;v_beyus_query_count=9877;v_beyus_true_map=0.247877;v_beyus_true_map_with_zeros=0.244828;v_charing_excluded_count=5915;v_charing_query_count=4085;v_charing_true_map=0.326907;v_charing_true_map_with_zeros=0.133542;v_churchill_excluded_count=789;v_churchill_query_count=9211;v_churchill_true_map=0.490730;v_churchill_true_map_with_zeros=0.452012;v_vitro_excluded_count=697;v_vitro_query_count=9303;v_vitro_true_map=0.437699;v_vitro_true_map_with_zeros=0.407191;v_wall_excluded_count=292;v_wall_query_count=7368;v_wall_true_map=0.656550;v_wall_true_map_with_zeros=0.631523;v_yard_excluded_count=2816;v_yard_query_count=7184;v_yard_true_map=0.419065;v_yard_true_map_with_zeros=0.301057;,0.47352464239720615,0.47301991346142364,0.43941206853331943,0.42830612842805654,RGBSIFT,True,L1,Stacking,Stacking,-0.014819959388443549,-3.034733942845653
33,vgg_grayscale_stacking_l2,stacking,../data/,0.800000011920929,2000,0.4721584032561798,0.4721584032561798,0.47205020409871434,0.43860990571856173,0.4274280840772317,0.48255613505636724,0.42674959288979575,0.5167258529694521,0.42674959288979575,0.5167258529694521,58928,101940,79652.0,compute_time_ms=25908.000000;detect_time_ms=0.000000;experiment_name=vgg_systematic_analysis;i_autannes_excluded_count=0;i_autannes_query_count=10000;i_autannes_true_map=0.512417;i_autannes_true_map_with_zeros=0.512417;i_contruction_excluded_count=10;i_contruction_query_count=9990;i_contruction_true_map=0.711678;i_contruction_true_map_with_zeros=0.710967;i_dome_excluded_count=0;i_dome_query_count=10000;i_dome_true_map=0.408739;i_dome_true_map_with_zeros=0.408739;i_greentea_excluded_count=0;i_greentea_query_count=10000;i_greentea_true_map=0.664498;i_greentea_true_map_with_zeros=0.664498;i_londonbridge_excluded_count=0;i_londonbridge_query_count=10000;i_londonbridge_true_map=0.261208;i_londonbridge_true_map_with_zeros=0.261208;i_porta_excluded_count=0;i_porta_query_count=4920;i_porta_true_map=0.604003;i_porta_true_map_with_zeros=0.604003;images_per_sec=0.753277;kps_per_sec=282.679657;match_time_ms=1573.000000;precision_at_1=0.426750;precision_at_10=0.554710;precision_at_5=0.516726;r0_rate=0.094528;recall_at_1=0.426750;recall_at_10=0.554710;recall_at_5=0.516726;success=true;total_images=60;total_keypoints=22516;total_queries_excluded=10642;total_queries_processed=101938;v_beyus_excluded_count=123;v_beyus_query_count=9877;v_beyus_true_map=0.225482;v_beyus_true_map_with_zeros=0.222708;v_charing_excluded_count=5915;v_charing_query_count=4085;v_charing_true_map=0.328435;v_charing_true_map_with_zeros=0.134166;v_churchill_excluded_count=789;v_churchill_query_count=9211;v_churchill_true_map=0.489757;v_churchill_true_map_with_zeros=0.451115;v_vitro_excluded_count=697;v_vitro_query_count=9303;v_vitro_true_map=0.417878;v_vitro_true_map_with_zeros=0.388752;v_wall_excluded_count=292;v_wall_query_count=7368;v_wall_true_map=0.641994;v_wall_true_map_with_zeros=0.617521;v_yard_excluded_count=2816;v_yard_query_count=7184;v_yard_true_map=0.399811;v_yard_true_map_with_zeros=0.287224;,0.4721584032561798,0.47205020409871434,0.43860990571856173,0.4274280840772317,SIFT,False,L2,Stacking,Stacking,-0.016186198529469897,-3.3145034203888972
37,vgg_color_stacking_l2,stacking,../data/,0.800000011920929,2000,0.4721584032561798,0.4721584032561798,0.47205020409871434,0.43860990571856173,0.4274280840772317,0.48255613505636724,0.42674959288979575,0.5167258529694521,0.42674959288979575,0.5167258529694521,58928,101940,85823.0,compute_time_ms=26139.000000;detect_time_ms=0.000000;experiment_name=vgg_systematic_analysis;i_autannes_excluded_count=0;i_autannes_query_count=10000;i_autannes_true_map=0.512417;i_autannes_true_map_with_zeros=0.512417;i_contruction_excluded_count=10;i_contruction_query_count=9990;i_contruction_true_map=0.711678;i_contruction_true_map_with_zeros=0.710967;i_dome_excluded_count=0;i_dome_query_count=10000;i_dome_true_map=0.408739;i_dome_true_map_with_zeros=0.408739;i_greentea_excluded_count=0;i_greentea_query_count=10000;i_greentea_true_map=0.664498;i_greentea_true_map_with_zeros=0.664498;i_londonbridge_excluded_count=0;i_londonbridge_query_count=10000;i_londonbridge_true_map=0.261208;i_londonbridge_true_map_with_zeros=0.261208;i_porta_excluded_count=0;i_porta_query_count=4920;i_porta_true_map=0.604003;i_porta_true_map_with_zeros=0.604003;images_per_sec=0.699113;kps_per_sec=262.353914;match_time_ms=1565.000000;precision_at_1=0.426750;precision_at_10=0.554710;precision_at_5=0.516726;r0_rate=0.094528;recall_at_1=0.426750;recall_at_10=0.554710;recall_at_5=0.516726;success=true;total_images=60;total_keypoints=22516;total_queries_excluded=10642;total_queries_processed=101938;v_beyus_excluded_count=123;v_beyus_query_count=9877;v_beyus_true_map=0.225482;v_beyus_true_map_with_zeros=0.222708;v_charing_excluded_count=5915;v_charing_query_count=4085;v_charing_true_map=0.328435;v_charing_true_map_with_zeros=0.134166;v_churchill_excluded_count=789;v_churchill_query_count=9211;v_churchill_true_map=0.489757;v_churchill_true_map_with_zeros=0.451115;v_vitro_excluded_count=697;v_vitro_query_count=9303;v_vitro_true_map=0.417878;v_vitro_true_map_with_zeros=0.388752;v_wall_excluded_count=292;v_wall_query_count=7368;v_wall_true_map=0.641994;v_wall_true_map_with_zeros=0.617521;v_yard_excluded_count=2816;v_yard_query_count=7184;v_yard_true_map=0.399811;v_yard_true_map_with_zeros=0.287224;,0.4721584032561798,0.47205020409871434,0.43860990571856173,0.4274280840772317,RGBSIFT,True,L2,Stacking,Stacking,-0.016186198529469897,-3.3145034203888972
39,vgg_grayscale_stacking_l1,stacking,../data/,0.800000011920929,2000,0.4721584032561798,0.4721584032561798,0.47205020409871434,0.43860990571856173,0.4274280840772317,0.48255613505636724,0.42674959288979575,0.5167258529694521,0.42674959288979575,0.5167258529694521,58928,101940,79654.0,compute_time_ms=26071.000000;detect_time_ms=0.000000;experiment_name=vgg_systematic_analysis;i_autannes_excluded_count=0;i_autannes_query_count=10000;i_autannes_true_map=0.512417;i_autannes_true_map_with_zeros=0.512417;i_contruction_excluded_count=10;i_contruction_query_count=9990;i_contruction_true_map=0.711678;i_contruction_true_map_with_zeros=0.710967;i_dome_excluded_count=0;i_dome_query_count=10000;i_dome_true_map=0.408739;i_dome_true_map_with_zeros=0.408739;i_greentea_excluded_count=0;i_greentea_query_count=10000;i_greentea_true_map=0.664498;i_greentea_true_map_with_zeros=0.664498;i_londonbridge_excluded_count=0;i_londonbridge_query_count=10000;i_londonbridge_true_map=0.261208;i_londonbridge_true_map_with_zeros=0.261208;i_porta_excluded_count=0;i_porta_query_count=4920;i_porta_true_map=0.604003;i_porta_true_map_with_zeros=0.604003;images_per_sec=0.753258;kps_per_sec=282.672559;match_time_ms=1564.000000;precision_at_1=0.426750;precision_at_10=0.554710;precision_at_5=0.516726;r0_rate=0.094528;recall_at_1=0.426750;recall_at_10=0.554710;recall_at_5=0.516726;success=true;total_images=60;total_keypoints=22516;total_queries_excluded=10642;total_queries_processed=101938;v_beyus_excluded_count=123;v_beyus_query_count=9877;v_beyus_true_map=0.225482;v_beyus_true_map_with_zeros=0.222708;v_charing_excluded_count=5915;v_charing_query_count=4085;v_charing_true_map=0.328435;v_charing_true_map_with_zeros=0.134166;v_churchill_excluded_count=789;v_churchill_query_count=9211;v_churchill_true_map=0.489757;v_churchill_true_map_with_zeros=0.451115;v_vitro_excluded_count=697;v_vitro_query_count=9303;v_vitro_true_map=0.417878;v_vitro_true_map_with_zeros=0.388752;v_wall_excluded_count=292;v_wall_query_count=7368;v_wall_true_map=0.641994;v_wall_true_map_with_zeros=0.617521;v_yard_excluded_count=2816;v_yard_query_count=7184;v_yard_true_map=0.399811;v_yard_true_map_with_zeros=0.287224;,0.4721584032561798,0.47205020409871434,0.43860990571856173,0.4274280840772317,SIFT,False,L1,Stacking,Stacking,-0.016186198529469897,-3.3145034203888972
3,sift_grayscale_stacking_l2,stacking,../data/,0.800000011920929,2000,0.4721576303407424,0.4721576303407424,0.47204959376973255,0.43860916819987633,0.4274275314416326,0.48255162228522486,0.42674959288979575,0.5167258529694521,0.42674959288979575,0.5167258529694521,58927,101940,64606.0,compute_time_ms=10873.000000;detect_time_ms=0.000000;experiment_name=sift_systematic_analysis;i_autannes_excluded_count=0;i_autannes_query_count=10000;i_autannes_true_map=0.512416;i_autannes_true_map_with_zeros=0.512416;i_contruction_excluded_count=10;i_contruction_query_count=9990;i_contruction_true_map=0.711678;i_contruction_true_map_with_zeros=0.710967;i_dome_excluded_count=0;i_dome_query_count=10000;i_dome_true_map=0.408739;i_dome_true_map_with_zeros=0.408739;i_greentea_excluded_count=0;i_greentea_query_count=10000;i_greentea_true_map=0.664499;i_greentea_true_map_with_zeros=0.664499;i_londonbridge_excluded_count=0;i_londonbridge_query_count=10000;i_londonbridge_true_map=0.261208;i_londonbridge_true_map_with_zeros=0.261208;i_porta_excluded_count=0;i_porta_query_count=4920;i_porta_true_map=0.603998;i_porta_true_map_with_zeros=0.603998;images_per_sec=0.928706;kps_per_sec=348.512522;match_time_ms=1521.000000;precision_at_1=0.426750;precision_at_10=0.554710;precision_at_5=0.516726;r0_rate=0.094528;recall_at_1=0.426750;recall_at_10=0.554710;recall_at_5=0.516726;success=true;total_images=60;total_keypoints=22516;total_queries_excluded=10642;total_queries_processed=101938;v_beyus_excluded_count=123;v_beyus_query_count=9877;v_beyus_true_map=0.225482;v_beyus_true_map_with_zeros=0.222708;v_charing_excluded_count=5915;v_charing_query_count=4085;v_charing_true_map=0.328435;v_charing_true_map_with_zeros=0.134166;v_churchill_excluded_count=789;v_churchill_query_count=9211;v_churchill_true_map=0.489756;v_churchill_true_map_with_zeros=0.451114;v_vitro_excluded_count=697;v_vitro_query_count=9303;v_vitro_true_map=0.417876;v_vitro_true_map_with_zeros=0.388750;v_wall_excluded_count=292;v_wall_query_count=7368;v_wall_true_map=0.641994;v_wall_true_map_with_zeros=0.617521;v_yard_excluded_count=2816;v_yard_query_count=7184;v_yard_true_map=0.399810;v_yard_true_map_with_zeros=0.287224;,0.4721576303407424,0.47204959376973255,0.43860916819987633,0.4274275314416326,SIFT,False,L2,Stacking,Stacking,-0.016186971444907328,-3.314661692935497
9,sift_grayscale_stacking_l1,stacking,../data/,0.800000011920929,2000,0.4721576303407424,0.4721576303407424,0.47204959376973255,0.43860916819987633,0.4274275314416326,0.48255162228522486,0.42674959288979575,0.5167258529694521,0.42674959288979575,0.5167258529694521,58927,101940,64643.0,compute_time_ms=10842.000000;detect_time_ms=0.000000;experiment_name=sift_systematic_analysis;i_autannes_excluded_count=0;i_autannes_query_count=10000;i_autannes_true_map=0.512416;i_autannes_true_map_with_zeros=0.512416;i_contruction_excluded_count=10;i_contruction_query_count=9990;i_contruction_true_map=0.711678;i_contruction_true_map_with_zeros=0.710967;i_dome_excluded_count=0;i_dome_query_count=10000;i_dome_true_map=0.408739;i_dome_true_map_with_zeros=0.408739;i_greentea_excluded_count=0;i_greentea_query_count=10000;i_greentea_true_map=0.664499;i_greentea_true_map_with_zeros=0.664499;i_londonbridge_excluded_count=0;i_londonbridge_query_count=10000;i_londonbridge_true_map=0.261208;i_londonbridge_true_map_with_zeros=0.261208;i_porta_excluded_count=0;i_porta_query_count=4920;i_porta_true_map=0.603998;i_porta_true_map_with_zeros=0.603998;images_per_sec=0.928175;kps_per_sec=348.313042;match_time_ms=1516.000000;precision_at_1=0.426750;precision_at_10=0.554710;precision_at_5=0.516726;r0_rate=0.094528;recall_at_1=0.426750;recall_at_10=0.554710;recall_at_5=0.516726;success=true;total_images=60;total_keypoints=22516;total_queries_excluded=10642;total_queries_processed=101938;v_beyus_excluded_count=123;v_beyus_query_count=9877;v_beyus_true_map=0.225482;v_beyus_true_map_with_zeros=0.222708;v_charing_excluded_count=5915;v_charing_query_count=4085;v_charing_true_map=0.328435;v_charing_true_map_with_zeros=0.134166;v_churchill_excluded_count=789;v_churchill_query_count=9211;v_churchill_true_map=0.489756;v_churchill_true_map_with_zeros=0.451114;v_vitro_excluded_count=697;v_vitro_query_count=9303;v_vitro_true_map=0.417876;v_vitro_true_map_with_zeros=0.388750;v_wall_excluded_count=292;v_wall_query_count=7368;v_wall_true_map=0.641994;v_wall_true_map_with_zeros=0.617521;v_yard_excluded_count=2816;v_yard_query_count=7184;v_yard_true_map=0.399810;v_yard_true_map_with_zeros=0.287224;,0.4721576303407424,0.47204959376973255,0.43860916819987633,0.4274275314416326,SIFT,False,L1,Stacking,Stacking,-0.016186971444907328,-3.314661692935497
1,sift_baseline_grayscale_none_l2,none,../data/,0.800000011920929,2000,0.4721427631664044,0.4721427631664044,0.4720366723195961,0.43860558876269184,0.4274158314346686,0.48245000101673874,0.4267201632364771,0.5167258529694521,0.4267201632364771,0.5167258529694521,58934,101940,53630.0,compute_time_ms=5407.000000;detect_time_ms=0.000000;experiment_name=sift_systematic_analysis;i_autannes_excluded_count=0;i_autannes_query_count=10000;i_autannes_true_map=0.512480;i_autannes_true_map_with_zeros=0.512480;i_contruction_excluded_count=10;i_contruction_query_count=9990;i_contruction_true_map=0.711597;i_contruction_true_map_with_zeros=0.710885;i_dome_excluded_count=0;i_dome_query_count=10000;i_dome_true_map=0.408884;i_dome_true_map_with_zeros=0.408884;i_greentea_excluded_count=0;i_greentea_query_count=10000;i_greentea_true_map=0.664492;i_greentea_true_map_with_zeros=0.664492;i_londonbridge_excluded_count=0;i_londonbridge_query_count=10000;i_londonbridge_true_map=0.261123;i_londonbridge_true_map_with_zeros=0.261123;i_porta_excluded_count=0;i_porta_query_count=4920;i_porta_true_map=0.604164;i_porta_true_map_with_zeros=0.604164;images_per_sec=1.118777;kps_per_sec=419.839642;match_time_ms=841.000000;precision_at_1=0.426720;precision_at_10=0.554592;precision_at_5=0.516726;r0_rate=0.094528;recall_at_1=0.426720;recall_at_10=0.554592;recall_at_5=0.516726;success=true;total_images=60;total_keypoints=22516;total_queries_excluded=10642;total_queries_processed=101938;v_beyus_excluded_count=123;v_beyus_query_count=9877;v_beyus_true_map=0.225360;v_beyus_true_map_with_zeros=0.222588;v_charing_excluded_count=5915;v_charing_query_count=4085;v_charing_true_map=0.328174;v_charing_true_map_with_zeros=0.134059;v_churchill_excluded_count=789;v_churchill_query_count=9211;v_churchill_true_map=0.489689;v_churchill_true_map_with_zeros=0.451052;v_vitro_excluded_count=697;v_vitro_query_count=9303;v_vitro_true_map=0.417823;v_vitro_true_map_with_zeros=0.388701;v_wall_excluded_count=292;v_wall_query_count=7368;v_wall_true_map=0.642014;v_wall_true_map_with_zeros=0.617540;v_yard_excluded_count=2816;v_yard_query_count=7184;v_yard_true_map=0.399913;v_yard_true_map_with_zeros=0.287297;,0.4721427631664044,0.4720366723195961,0.43860558876269184,0.4274158314346686,SIFT,False,L2,None,None,-0.01620183861924529,-3.3177060952455872
5,sift_baseline_grayscale_none_l1,none,../data/,0.800000011920929,2000,0.4721427631664044,0.4721427631664044,0.4720366723195961,0.43860558876269184,0.4274158314346686,0.48245000101673874,0.4267201632364771,0.5167258529694521,0.4267201632364771,0.5167258529694521,58934,101940,54359.0,compute_time_ms=5428.000000;detect_time_ms=0.000000;experiment_name=sift_systematic_analysis;i_autannes_excluded_count=0;i_autannes_query_count=10000;i_autannes_true_map=0.512480;i_autannes_true_map_with_zeros=0.512480;i_contruction_excluded_count=10;i_contruction_query_count=9990;i_contruction_true_map=0.711597;i_contruction_true_map_with_zeros=0.710885;i_dome_excluded_count=0;i_dome_query_count=10000;i_dome_true_map=0.408884;i_dome_true_map_with_zeros=0.408884;i_greentea_excluded_count=0;i_greentea_query_count=10000;i_greentea_true_map=0.664492;i_greentea_true_map_with_zeros=0.664492;i_londonbridge_excluded_count=0;i_londonbridge_query_count=10000;i_londonbridge_true_map=0.261123;i_londonbridge_true_map_with_zeros=0.261123;i_porta_excluded_count=0;i_porta_query_count=4920;i_porta_true_map=0.604164;i_porta_true_map_with_zeros=0.604164;images_per_sec=1.103773;kps_per_sec=414.209239;match_time_ms=848.000000;precision_at_1=0.426720;precision_at_10=0.554592;precision_at_5=0.516726;r0_rate=0.094528;recall_at_1=0.426720;recall_at_10=0.554592;recall_at_5=0.516726;success=true;total_images=60;total_keypoints=22516;total_queries_excluded=10642;total_queries_processed=101938;v_beyus_excluded_count=123;v_beyus_query_count=9877;v_beyus_true_map=0.225360;v_beyus_true_map_with_zeros=0.222588;v_charing_excluded_count=5915;v_charing_query_count=4085;v_charing_true_map=0.328174;v_charing_true_map_with_zeros=0.134059;v_churchill_excluded_count=789;v_churchill_query_count=9211;v_churchill_true_map=0.489689;v_churchill_true_map_with_zeros=0.451052;v_vitro_excluded_count=697;v_vitro_query_count=9303;v_vitro_true_map=0.417823;v_vitro_true_map_with_zeros=0.388701;v_wall_excluded_count=292;v_wall_query_count=7368;v_wall_true_map=0.642014;v_wall_true_map_with_zeros=0.617540;v_yard_excluded_count=2816;v_yard_query_count=7184;v_yard_true_map=0.399913;v_yard_true_map_with_zeros=0.287297;,0.4721427631664044,0.4720366723195961,0.43860558876269184,0.4274158314346686,SIFT,False,L1,None,None,-0.01620183861924529,-3.3177060952455872
18,vsift_grayscale_stacking_l2,stacking,../data/,0.800000011920929,2000,0.4720989036675259,0.4720989036675259,0.4719927655689348,0.4385604943551404,0.42737607511606035,0.4825118899084267,0.42670054346759795,0.5166964233161333,0.42670054346759795,0.5166964233161333,58926,101940,70481.0,compute_time_ms=16489.000000;detect_time_ms=0.000000;experiment_name=vsift_systematic_analysis;i_autannes_excluded_count=0;i_autannes_query_count=10000;i_autannes_true_map=0.512465;i_autannes_true_map_with_zeros=0.512465;i_contruction_excluded_count=10;i_contruction_query_count=9990;i_contruction_true_map=0.711701;i_contruction_true_map_with_zeros=0.710990;i_dome_excluded_count=0;i_dome_query_count=10000;i_dome_true_map=0.408700;i_dome_true_map_with_zeros=0.408700;i_greentea_excluded_count=0;i_greentea_query_count=10000;i_greentea_true_map=0.664413;i_greentea_true_map_with_zeros=0.664413;i_londonbridge_excluded_count=0;i_londonbridge_query_count=10000;i_londonbridge_true_map=0.261198;i_londonbridge_true_map_with_zeros=0.261198;i_porta_excluded_count=0;i_porta_query_count=4920;i_porta_true_map=0.604014;i_porta_true_map_with_zeros=0.604014;images_per_sec=0.851293;kps_per_sec=319.461983;match_time_ms=1505.000000;precision_at_1=0.426701;precision_at_10=0.554651;precision_at_5=0.516696;r0_rate=0.094528;recall_at_1=0.426701;recall_at_10=0.554651;recall_at_5=0.516696;success=true;total_images=60;total_keypoints=22516;total_queries_excluded=10642;total_queries_processed=101938;v_beyus_excluded_count=123;v_beyus_query_count=9877;v_beyus_true_map=0.225241;v_beyus_true_map_with_zeros=0.222470;v_charing_excluded_count=5915;v_charing_query_count=4085;v_charing_true_map=0.328273;v_charing_true_map_with_zeros=0.134100;v_churchill_excluded_count=789;v_churchill_query_count=9211;v_churchill_true_map=0.489724;v_churchill_true_map_with_zeros=0.451085;v_vitro_excluded_count=697;v_vitro_query_count=9303;v_vitro_true_map=0.417738;v_vitro_true_map_with_zeros=0.388622;v_wall_excluded_count=292;v_wall_query_count=7368;v_wall_true_map=0.641936;v_wall_true_map_with_zeros=0.617466;v_yard_excluded_count=2816;v_yard_query_count=7184;v_yard_true_map=0.399783;v_yard_true_map_with_zeros=0.287204;,0.4720989036675259,0.4719927655689348,0.4385604943551404,0.42737607511606035,SIFT,False,L2,Stacking,Stacking,-0.01624569811812382,-3.3266873553471945
22,vsift_color_stacking_l2,stacking,../data/,0.800000011920929,2000,0.4720989036675259,0.4720989036675259,0.4719927655689348,0.4385604943551404,0.42737607511606035,0.4825118899084267,0.42670054346759795,0.5166964233161333,0.42670054346759795,0.5166964233161333,58926,101940,76830.0,compute_time_ms=16723.000000;detect_time_ms=0.000000;experiment_name=vsift_systematic_analysis;i_autannes_excluded_count=0;i_autannes_query_count=10000;i_autannes_true_map=0.512465;i_autannes_true_map_with_zeros=0.512465;i_contruction_excluded_count=10;i_contruction_query_count=9990;i_contruction_true_map=0.711701;i_contruction_true_map_with_zeros=0.710990;i_dome_excluded_count=0;i_dome_query_count=10000;i_dome_true_map=0.408700;i_dome_true_map_with_zeros=0.408700;i_greentea_excluded_count=0;i_greentea_query_count=10000;i_greentea_true_map=0.664413;i_greentea_true_map_with_zeros=0.664413;i_londonbridge_excluded_count=0;i_londonbridge_query_count=10000;i_londonbridge_true_map=0.261198;i_londonbridge_true_map_with_zeros=0.261198;i_porta_excluded_count=0;i_porta_query_count=4920;i_porta_true_map=0.604014;i_porta_true_map_with_zeros=0.604014;images_per_sec=0.780945;kps_per_sec=293.062606;match_time_ms=1509.000000;precision_at_1=0.426701;precision_at_10=0.554651;precision_at_5=0.516696;r0_rate=0.094528;recall_at_1=0.426701;recall_at_10=0.554651;recall_at_5=0.516696;success=true;total_images=60;total_keypoints=22516;total_queries_excluded=10642;total_queries_processed=101938;v_beyus_excluded_count=123;v_beyus_query_count=9877;v_beyus_true_map=0.225241;v_beyus_true_map_with_zeros=0.222470;v_charing_excluded_count=5915;v_charing_query_count=4085;v_charing_true_map=0.328273;v_charing_true_map_with_zeros=0.134100;v_churchill_excluded_count=789;v_churchill_query_count=9211;v_churchill_true_map=0.489724;v_churchill_true_map_with_zeros=0.451085;v_vitro_excluded_count=697;v_vitro_query_count=9303;v_vitro_true_map=0.417738;v_vitro_true_map_with_zeros=0.388622;v_wall_excluded_count=292;v_wall_query_count=7368;v_wall_true_map=0.641936;v_wall_true_map_with_zeros=0.617466;v_yard_excluded_count=2816;v_yard_query_count=7184;v_yard_true_map=0.399783;v_yard_true_map_with_zeros=0.287204;,0.4720989036675259,0.4719927655689348,0.4385604943551404,0.42737607511606035,RGBSIFT,True,L2,Stacking,Stacking,-0.01624569811812382,-3.3266873553471945
24,vsift_grayscale_stacking_l1,stacking,../data/,0.800000011920929,2000,0.4720989036675259,0.4720989036675259,0.4719927655689348,0.4385604943551404,0.42737607511606035,0.4825118899084267,0.42670054346759795,0.5166964233161333,0.42670054346759795,0.5166964233161333,58926,101940,70332.0,compute_time_ms=16428.000000;detect_time_ms=0.000000;experiment_name=vsift_systematic_analysis;i_autannes_excluded_count=0;i_autannes_query_count=10000;i_autannes_true_map=0.512465;i_autannes_true_map_with_zeros=0.512465;i_contruction_excluded_count=10;i_contruction_query_count=9990;i_contruction_true_map=0.711701;i_contruction_true_map_with_zeros=0.710990;i_dome_excluded_count=0;i_dome_query_count=10000;i_dome_true_map=0.408700;i_dome_true_map_with_zeros=0.408700;i_greentea_excluded_count=0;i_greentea_query_count=10000;i_greentea_true_map=0.664413;i_greentea_true_map_with_zeros=0.664413;i_londonbridge_excluded_count=0;i_londonbridge_query_count=10000;i_londonbridge_true_map=0.261198;i_londonbridge_true_map_with_zeros=0.261198;i_porta_excluded_count=0;i_porta_query_count=4920;i_porta_true_map=0.604014;i_porta_true_map_with_zeros=0.604014;images_per_sec=0.853097;kps_per_sec=320.138770;match_time_ms=1510.000000;precision_at_1=0.426701;precision_at_10=0.554651;precision_at_5=0.516696;r0_rate=0.094528;recall_at_1=0.426701;recall_at_10=0.554651;recall_at_5=0.516696;success=true;total_images=60;total_keypoints=22516;total_queries_excluded=10642;total_queries_processed=101938;v_beyus_excluded_count=123;v_beyus_query_count=9877;v_beyus_true_map=0.225241;v_beyus_true_map_with_zeros=0.222470;v_charing_excluded_count=5915;v_charing_query_count=4085;v_charing_true_map=0.328273;v_charing_true_map_with_zeros=0.134100;v_churchill_excluded_count=789;v_churchill_query_count=9211;v_churchill_true_map=0.489724;v_churchill_true_map_with_zeros=0.451085;v_vitro_excluded_count=697;v_vitro_query_count=9303;v_vitro_true_map=0.417738;v_vitro_true_map_with_zeros=0.388622;v_wall_excluded_count=292;v_wall_query_count=7368;v_wall_true_map=0.641936;v_wall_true_map_with_zeros=0.617466;v_yard_excluded_count=2816;v_yard_query_count=7184;v_yard_true_map=0.399783;v_yard_true_map_with_zeros=0.287204;,0.4720989036675259,0.4719927655689348,0.4385604943551404,0.42737607511606035,SIFT,False,L1,Stacking,Stacking,-0.01624569811812382,-3.3266873553471945
16,vsift_baseline_grayscale_none_l2,none,../data/,0.800000011920929,2000,0.47200344412411294,0.47200344412411294,0.4718915017023302,0.4384690816486025,0.4272843835542027,0.4824770500033979,0.42655339520100455,0.5167356628538916,0.42655339520100455,0.5167356628538916,58910,101940,59603.0,compute_time_ms=11302.000000;detect_time_ms=0.000000;experiment_name=vsift_systematic_analysis;i_autannes_excluded_count=0;i_autannes_query_count=10000;i_autannes_true_map=0.512421;i_autannes_true_map_with_zeros=0.512421;i_contruction_excluded_count=10;i_contruction_query_count=9990;i_contruction_true_map=0.711700;i_contruction_true_map_with_zeros=0.710988;i_dome_excluded_count=0;i_dome_query_count=10000;i_dome_true_map=0.408524;i_dome_true_map_with_zeros=0.408524;i_greentea_excluded_count=0;i_greentea_query_count=10000;i_greentea_true_map=0.664358;i_greentea_true_map_with_zeros=0.664358;i_londonbridge_excluded_count=0;i_londonbridge_query_count=10000;i_londonbridge_true_map=0.261077;i_londonbridge_true_map_with_zeros=0.261077;i_porta_excluded_count=0;i_porta_query_count=4920;i_porta_true_map=0.603905;i_porta_true_map_with_zeros=0.603905;images_per_sec=1.006661;kps_per_sec=377.766220;match_time_ms=843.000000;precision_at_1=0.426553;precision_at_10=0.554523;precision_at_5=0.516736;r0_rate=0.094528;recall_at_1=0.426553;recall_at_10=0.554523;recall_at_5=0.516736;success=true;total_images=60;total_keypoints=22516;total_queries_excluded=10642;total_queries_processed=101938;v_beyus_excluded_count=123;v_beyus_query_count=9877;v_beyus_true_map=0.225015;v_beyus_true_map_with_zeros=0.222248;v_charing_excluded_count=5915;v_charing_query_count=4085;v_charing_true_map=0.328322;v_charing_true_map_with_zeros=0.134120;v_churchill_excluded_count=789;v_churchill_query_count=9211;v_churchill_true_map=0.489544;v_churchill_true_map_with_zeros=0.450919;v_vitro_excluded_count=697;v_vitro_query_count=9303;v_vitro_true_map=0.417697;v_vitro_true_map_with_zeros=0.388583;v_wall_excluded_count=292;v_wall_query_count=7368;v_wall_true_map=0.641895;v_wall_true_map_with_zeros=0.617425;v_yard_excluded_count=2816;v_yard_query_count=7184;v_yard_true_map=0.399584;v_yard_true_map_with_zeros=0.287061;,0.47200344412411294,0.4718915017023302,0.4384690816486025,0.4272843835542027,SIFT,False,L2,None,None,-0.016341157661536765,-3.346234933648233
19,vsift_baseline_color_none_l2,none,../data/,0.800000011920929,2000,0.47200344412411294,0.47200344412411294,0.4718915017023302,0.4384690816486025,0.4272843835542027,0.4824770500033979,0.42655339520100455,0.5167356628538916,0.42655339520100455,0.5167356628538916,58910,101940,65385.0,compute_time_ms=11157.000000;detect_time_ms=0.000000;experiment_name=vsift_systematic_analysis;i_autannes_excluded_count=0;i_autannes_query_count=10000;i_autannes_true_map=0.512421;i_autannes_true_map_with_zeros=0.512421;i_contruction_excluded_count=10;i_contruction_query_count=9990;i_contruction_true_map=0.711700;i_contruction_true_map_with_zeros=0.710988;i_dome_excluded_count=0;i_dome_query_count=10000;i_dome_true_map=0.408524;i_dome_true_map_with_zeros=0.408524;i_greentea_excluded_count=0;i_greentea_query_count=10000;i_greentea_true_map=0.664358;i_greentea_true_map_with_zeros=0.664358;i_londonbridge_excluded_count=0;i_londonbridge_query_count=10000;i_londonbridge_true_map=0.261077;i_londonbridge_true_map_with_zeros=0.261077;i_porta_excluded_count=0;i_porta_query_count=4920;i_porta_true_map=0.603905;i_porta_true_map_with_zeros=0.603905;images_per_sec=0.917642;kps_per_sec=344.360327;match_time_ms=831.000000;precision_at_1=0.426553;precision_at_10=0.554523;precision_at_5=0.516736;r0_rate=0.094528;recall_at_1=0.426553;recall_at_10=0.554523;recall_at_5=0.516736;success=true;total_images=60;total_keypoints=22516;total_queries_excluded=10642;total_queries_processed=101938;v_beyus_excluded_count=123;v_beyus_query_count=9877;v_beyus_true_map=0.225015;v_beyus_true_map_with_zeros=0.222248;v_charing_excluded_count=5915;v_charing_query_count=4085;v_charing_true_map=0.328322;v_charing_true_map_with_zeros=0.134120;v_churchill_excluded_count=789;v_churchill_query_count=9211;v_churchill_true_map=0.489544;v_churchill_true_map_with_zeros=0.450919;v_vitro_excluded_count=697;v_vitro_query_count=9303;v_vitro_true_map=0.417697;v_vitro_true_map_with_zeros=0.388583;v_wall_excluded_count=292;v_wall_query_count=7368;v_wall_true_map=0.641895;v_wall_true_map_with_zeros=0.617425;v_yard_excluded_count=2816;v_yard_query_count=7184;v_yard_true_map=0.399584;v_yard_true_map_with_zeros=0.287061;,0.47200344412411294,0.4718915017023302,0.4384690816486025,0.4272843835542027,RGBSIFT,True,L2,None,None,-0.016341157661536765,-3.346234933648233
20,vsift_baseline_grayscale_none_l1,none,../data/,0.800000011920929,2000,0.47200344412411294,0.47200344412411294,0.4718915017023302,0.4384690816486025,0.4272843835542027,0.4824770500033979,0.42655339520100455,0.5167356628538916,0.42655339520100455,0.5167356628538916,58910,101940,59190.0,compute_time_ms=11130.000000;detect_time_ms=0.000000;experiment_name=vsift_systematic_analysis;i_autannes_excluded_count=0;i_autannes_query_count=10000;i_autannes_true_map=0.512421;i_autannes_true_map_with_zeros=0.512421;i_contruction_excluded_count=10;i_contruction_query_count=9990;i_contruction_true_map=0.711700;i_contruction_true_map_with_zeros=0.710988;i_dome_excluded_count=0;i_dome_query_count=10000;i_dome_true_map=0.408524;i_dome_true_map_with_zeros=0.408524;i_greentea_excluded_count=0;i_greentea_query_count=10000;i_greentea_true_map=0.664358;i_greentea_true_map_with_zeros=0.664358;i_londonbridge_excluded_count=0;i_londonbridge_query_count=10000;i_londonbridge_true_map=0.261077;i_londonbridge_true_map_with_zeros=0.261077;i_porta_excluded_count=0;i_porta_query_count=4920;i_porta_true_map=0.603905;i_porta_true_map_with_zeros=0.603905;images_per_sec=1.013685;kps_per_sec=380.402095;match_time_ms=834.000000;precision_at_1=0.426553;precision_at_10=0.554523;precision_at_5=0.516736;r0_rate=0.094528;recall_at_1=0.426553;recall_at_10=0.554523;recall_at_5=0.516736;success=true;total_images=60;total_keypoints=22516;total_queries_excluded=10642;total_queries_processed=101938;v_beyus_excluded_count=123;v_beyus_query_count=9877;v_beyus_true_map=0.225015;v_beyus_true_map_with_zeros=0.222248;v_charing_excluded_count=5915;v_charing_query_count=4085;v_charing_true_map=0.328322;v_charing_true_map_with_zeros=0.134120;v_churchill_excluded_count=789;v_churchill_query_count=9211;v_churchill_true_map=0.489544;v_churchill_true_map_with_zeros=0.450919;v_vitro_excluded_count=697;v_vitro_query_count=9303;v_vitro_true_map=0.417697;v_vitro_true_map_with_zeros=0.388583;v_wall_excluded_count=292;v_wall_query_count=7368;v_wall_true_map=0.641895;v_wall_true_map_with_zeros=0.617425;v_yard_excluded_count=2816;v_yard_query_count=7184;v_yard_true_map=0.399584;v_yard_true_map_with_zeros=0.287061;,0.47200344412411294,0.4718915017023302,0.4384690816486025,0.4272843835542027,SIFT,False,L1,None,None,-0.016341157661536765,-3.346234933648233
11,honc_color_dsp_l2,domain_size_pooling,../data/,0.800000011920929,2000,0.3782019941316717,0.3782019941316717,0.38025430725635523,0.3523163773525389,0.34430950056047555,0.3862759317452954,0.33181934116816103,0.4262100492456199,0.33181934116816103,0.4262100492456199,47174,93940,271252.0,compute_time_ms=216890.000000;detect_time_ms=0.000000;experiment_name=honc_systematic_analysis;i_autannes_excluded_count=0;i_autannes_query_count=10000;i_autannes_true_map=0.426820;i_autannes_true_map_with_zeros=0.426820;i_contruction_excluded_count=10;i_contruction_query_count=9990;i_contruction_true_map=0.476440;i_contruction_true_map_with_zeros=0.475964;i_dome_excluded_count=0;i_dome_query_count=10000;i_dome_true_map=0.246467;i_dome_true_map_with_zeros=0.246467;i_greentea_excluded_count=0;i_greentea_query_count=10000;i_greentea_true_map=0.621093;i_greentea_true_map_with_zeros=0.621093;i_londonbridge_excluded_count=0;i_londonbridge_query_count=10000;i_londonbridge_true_map=0.189979;i_londonbridge_true_map_with_zeros=0.189979;i_porta_excluded_count=0;i_porta_query_count=4920;i_porta_true_map=0.426978;i_porta_true_map_with_zeros=0.426978;images_per_sec=0.221197;kps_per_sec=83.007683;match_time_ms=840.000000;precision_at_1=0.331819;precision_at_10=0.469393;precision_at_5=0.426210;r0_rate=0.094528;recall_at_1=0.331819;recall_at_10=0.469393;recall_at_5=0.426210;success=true;total_images=60;total_keypoints=22516;total_queries_excluded=10642;total_queries_processed=101938;v_beyus_excluded_count=123;v_beyus_query_count=9877;v_beyus_true_map=0.165899;v_beyus_true_map_with_zeros=0.163859;v_charing_excluded_count=5915;v_charing_query_count=4085;v_charing_true_map=0.205201;v_charing_true_map_with_zeros=0.083825;v_churchill_excluded_count=789;v_churchill_query_count=9211;v_churchill_true_map=0.401516;v_churchill_true_map_with_zeros=0.369836;v_vitro_excluded_count=697;v_vitro_query_count=9303;v_vitro_true_map=0.412155;v_vitro_true_map_with_zeros=0.383428;v_wall_excluded_count=292;v_wall_query_count=7368;v_wall_true_map=0.598256;v_wall_true_map_with_zeros=0.575451;v_yard_excluded_count=2816;v_yard_query_count=7184;v_yard_true_map=0.367619;v_yard_true_map_with_zeros=0.264097;,0.3782019941316717,0.38025430725635523,0.3523163773525389,0.34430950056047555,RGBSIFT,True,L2,DSP,DSP,-0.11014260765397799,-22.554279754754646
14,honc_color_dsp_l1,domain_size_pooling,../data/,0.800000011920929,2000,0.3782019941316717,0.3782019941316717,0.38025430725635523,0.3523163773525389,0.34430950056047555,0.3862759317452954,0.33181934116816103,0.4262100492456199,0.33181934116816103,0.4262100492456199,47174,93940,268112.0,compute_time_ms=213767.000000;detect_time_ms=0.000000;experiment_name=honc_systematic_analysis;i_autannes_excluded_count=0;i_autannes_query_count=10000;i_autannes_true_map=0.426820;i_autannes_true_map_with_zeros=0.426820;i_contruction_excluded_count=10;i_contruction_query_count=9990;i_contruction_true_map=0.476440;i_contruction_true_map_with_zeros=0.475964;i_dome_excluded_count=0;i_dome_query_count=10000;i_dome_true_map=0.246467;i_dome_true_map_with_zeros=0.246467;i_greentea_excluded_count=0;i_greentea_query_count=10000;i_greentea_true_map=0.621093;i_greentea_true_map_with_zeros=0.621093;i_londonbridge_excluded_count=0;i_londonbridge_query_count=10000;i_londonbridge_true_map=0.189979;i_londonbridge_true_map_with_zeros=0.189979;i_porta_excluded_count=0;i_porta_query_count=4920;i_porta_true_map=0.426978;i_porta_true_map_with_zeros=0.426978;images_per_sec=0.223787;kps_per_sec=83.979829;match_time_ms=837.000000;precision_at_1=0.331819;precision_at_10=0.469393;precision_at_5=0.426210;r0_rate=0.094528;recall_at_1=0.331819;recall_at_10=0.469393;recall_at_5=0.426210;success=true;total_images=60;total_keypoints=22516;total_queries_excluded=10642;total_queries_processed=101938;v_beyus_excluded_count=123;v_beyus_query_count=9877;v_beyus_true_map=0.165899;v_beyus_true_map_with_zeros=0.163859;v_charing_excluded_count=5915;v_charing_query_count=4085;v_charing_true_map=0.205201;v_charing_true_map_with_zeros=0.083825;v_churchill_excluded_count=789;v_churchill_query_count=9211;v_churchill_true_map=0.401516;v_churchill_true_map_with_zeros=0.369836;v_vitro_excluded_count=697;v_vitro_query_count=9303;v_vitro_true_map=0.412155;v_vitro_true_map_with_zeros=0.383428;v_wall_excluded_count=292;v_wall_query_count=7368;v_wall_true_map=0.598256;v_wall_true_map_with_zeros=0.575451;v_yard_excluded_count=2816;v_yard_query_count=7184;v_yard_true_map=0.367619;v_yard_true_map_with_zeros=0.264097;,0.3782019941316717,0.38025430725635523,0.3523163773525389,0.34430950056047555,RGBSIFT,True,L1,DSP,DSP,-0.11014260765397799,-22.554279754754646
10,honc_baseline_color_none_l2,none,../data/,0.800000011920929,2000,0.3703041708907974,0.3703041708907974,0.3724125153360178,0.3455050911924114,0.3372089801769673,0.37472226227111877,0.32401067315427023,0.41856814926720165,0.32401067315427023,0.41856814926720165,46579,95940,83921.0,compute_time_ms=29137.000000;detect_time_ms=0.000000;experiment_name=honc_systematic_analysis;i_autannes_excluded_count=0;i_autannes_query_count=10000;i_autannes_true_map=0.419483;i_autannes_true_map_with_zeros=0.419483;i_contruction_excluded_count=10;i_contruction_query_count=9990;i_contruction_true_map=0.471328;i_contruction_true_map_with_zeros=0.470857;i_dome_excluded_count=0;i_dome_query_count=10000;i_dome_true_map=0.243631;i_dome_true_map_with_zeros=0.243631;i_greentea_excluded_count=0;i_greentea_query_count=10000;i_greentea_true_map=0.613358;i_greentea_true_map_with_zeros=0.613358;i_londonbridge_excluded_count=0;i_londonbridge_query_count=10000;i_londonbridge_true_map=0.186534;i_londonbridge_true_map_with_zeros=0.186534;i_porta_excluded_count=0;i_porta_query_count=4920;i_porta_true_map=0.427316;i_porta_true_map_with_zeros=0.427316;images_per_sec=0.714958;kps_per_sec=268.299949;match_time_ms=846.000000;precision_at_1=0.324011;precision_at_10=0.461545;precision_at_5=0.418568;r0_rate=0.094528;recall_at_1=0.324011;recall_at_10=0.461545;recall_at_5=0.418568;success=true;total_images=60;total_keypoints=22516;total_queries_excluded=10642;total_queries_processed=101938;v_beyus_excluded_count=123;v_beyus_query_count=9877;v_beyus_true_map=0.155542;v_beyus_true_map_with_zeros=0.153629;v_charing_excluded_count=5915;v_charing_query_count=4085;v_charing_true_map=0.192849;v_charing_true_map_with_zeros=0.078779;v_churchill_excluded_count=789;v_churchill_query_count=9211;v_churchill_true_map=0.383700;v_churchill_true_map_with_zeros=0.353426;v_vitro_excluded_count=697;v_vitro_query_count=9303;v_vitro_true_map=0.404632;v_vitro_true_map_with_zeros=0.376429;v_wall_excluded_count=292;v_wall_query_count=7368;v_wall_true_map=0.589506;v_wall_true_map_with_zeros=0.567034;v_yard_excluded_count=2816;v_yard_query_count=7184;v_yard_true_map=0.355772;v_yard_true_map_with_zeros=0.255586;,0.3703041708907974,0.3724125153360178,0.3455050911924114,0.3372089801769673,RGBSIFT,True,L2,None,None,-0.11804043089485228,-24.17154412339835
13,honc_baseline_color_none_l1,none,../data/,0.800000011920929,2000,0.3703041708907974,0.3703041708907974,0.3724125153360178,0.3455050911924114,0.3372089801769673,0.37472226227111877,0.32401067315427023,0.41856814926720165,0.32401067315427023,0.41856814926720165,46579,95940,83391.0,compute_time_ms=28815.000000;detect_time_ms=0.000000;experiment_name=honc_systematic_analysis;i_autannes_excluded_count=0;i_autannes_query_count=10000;i_autannes_true_map=0.419483;i_autannes_true_map_with_zeros=0.419483;i_contruction_excluded_count=10;i_contruction_query_count=9990;i_contruction_true_map=0.471328;i_contruction_true_map_with_zeros=0.470857;i_dome_excluded_count=0;i_dome_query_count=10000;i_dome_true_map=0.243631;i_dome_true_map_with_zeros=0.243631;i_greentea_excluded_count=0;i_greentea_query_count=10000;i_greentea_true_map=0.613358;i_greentea_true_map_with_zeros=0.613358;i_londonbridge_excluded_count=0;i_londonbridge_query_count=10000;i_londonbridge_true_map=0.186534;i_londonbridge_true_map_with_zeros=0.186534;i_porta_excluded_count=0;i_porta_query_count=4920;i_porta_true_map=0.427316;i_porta_true_map_with_zeros=0.427316;images_per_sec=0.719502;kps_per_sec=270.005156;match_time_ms=833.000000;precision_at_1=0.324011;precision_at_10=0.461545;precision_at_5=0.418568;r0_rate=0.094528;recall_at_1=0.324011;recall_at_10=0.461545;recall_at_5=0.418568;success=true;total_images=60;total_keypoints=22516;total_queries_excluded=10642;total_queries_processed=101938;v_beyus_excluded_count=123;v_beyus_query_count=9877;v_beyus_true_map=0.155542;v_beyus_true_map_with_zeros=0.153629;v_charing_excluded_count=5915;v_charing_query_count=4085;v_charing_true_map=0.192849;v_charing_true_map_with_zeros=0.078779;v_churchill_excluded_count=789;v_churchill_query_count=9211;v_churchill_true_map=0.383700;v_churchill_true_map_with_zeros=0.353426;v_vitro_excluded_count=697;v_vitro_query_count=9303;v_vitro_true_map=0.404632;v_vitro_true_map_with_zeros=0.376429;v_wall_excluded_count=292;v_wall_query_count=7368;v_wall_true_map=0.589506;v_wall_true_map_with_zeros=0.567034;v_yard_excluded_count=2816;v_yard_query_count=7184;v_yard_true_map=0.355772;v_yard_true_map_with_zeros=0.255586;,0.3703041708907974,0.3724125153360178,0.3455050911924114,0.3372089801769673,RGBSIFT,True,L1,None,None,-0.11804043089485228,-24.17154412339835
42,libtorch_sosnet,none,../data/,0.800000011920929,2000,0.20538964087794154,0.20538964087794154,0.2139287124296071,0.19315421454642004,0.1937063873481017,0.26174763329890655,0.1714865898879711,0.2497498479467912,0.1714865898879711,0.2497498479467912,35247,101940,51840.0,compute_time_ms=2792.000000;detect_time_ms=0.000000;experiment_name=libtorch_sosnet_baseline;i_autannes_excluded_count=0;i_autannes_query_count=10000;i_autannes_true_map=0.177729;i_autannes_true_map_with_zeros=0.177729;i_contruction_excluded_count=10;i_contruction_query_count=9990;i_contruction_true_map=0.434606;i_contruction_true_map_with_zeros=0.434171;i_dome_excluded_count=0;i_dome_query_count=10000;i_dome_true_map=0.177321;i_dome_true_map_with_zeros=0.177321;i_greentea_excluded_count=0;i_greentea_query_count=10000;i_greentea_true_map=0.493281;i_greentea_true_map_with_zeros=0.493281;i_londonbridge_excluded_count=0;i_londonbridge_query_count=10000;i_londonbridge_true_map=0.036527;i_londonbridge_true_map_with_zeros=0.036527;i_porta_excluded_count=0;i_porta_query_count=4920;i_porta_true_map=0.160078;i_porta_true_map_with_zeros=0.160078;images_per_sec=1.157407;kps_per_sec=434.336420;match_time_ms=835.000000;precision_at_1=0.171487;precision_at_10=0.289804;precision_at_5=0.249750;r0_rate=0.094528;recall_at_1=0.171487;recall_at_10=0.289804;recall_at_5=0.249750;success=true;total_images=60;total_keypoints=22516;total_queries_excluded=10642;total_queries_processed=101938;v_beyus_excluded_count=123;v_beyus_query_count=9877;v_beyus_true_map=0.110976;v_beyus_true_map_with_zeros=0.109611;v_charing_excluded_count=5915;v_charing_query_count=4085;v_charing_true_map=0.117779;v_charing_true_map_with_zeros=0.048113;v_churchill_excluded_count=789;v_churchill_query_count=9211;v_churchill_true_map=0.203832;v_churchill_true_map_with_zeros=0.187750;v_vitro_excluded_count=697;v_vitro_query_count=9303;v_vitro_true_map=0.169776;v_vitro_true_map_with_zeros=0.157943;v_wall_excluded_count=292;v_wall_query_count=7368;v_wall_true_map=0.247843;v_wall_true_map_with_zeros=0.238395;v_yard_excluded_count=2816;v_yard_query_count=7184;v_yard_true_map=0.134927;v_yard_true_map_with_zeros=0.096932;,0.20538964087794154,0.2139287124296071,0.19315421454642004,0.1937063873481017,SIFT,False,L2,None,None,-0.28295496090770816,-57.94165838489319
41,libtorch_hardnet,none,../data/,0.800000011920929,2000,0.204429640710477,0.204429640710477,0.2131209174563954,0.19232109852153423,0.19297495188905697,0.2554952114819887,0.17130020208361946,0.2485530420451647,0.17130020208361946,0.2485530420451647,36088,101940,52003.0,compute_time_ms=2693.000000;detect_time_ms=0.000000;experiment_name=libtorch_hardnet_baseline;i_autannes_excluded_count=0;i_autannes_query_count=10000;i_autannes_true_map=0.177707;i_autannes_true_map_with_zeros=0.177707;i_contruction_excluded_count=10;i_contruction_query_count=9990;i_contruction_true_map=0.437125;i_contruction_true_map_with_zeros=0.436687;i_dome_excluded_count=0;i_dome_query_count=10000;i_dome_true_map=0.173835;i_dome_true_map_with_zeros=0.173835;i_greentea_excluded_count=0;i_greentea_query_count=10000;i_greentea_true_map=0.497490;i_greentea_true_map_with_zeros=0.497490;i_londonbridge_excluded_count=0;i_londonbridge_query_count=10000;i_londonbridge_true_map=0.037168;i_londonbridge_true_map_with_zeros=0.037168;i_porta_excluded_count=0;i_porta_query_count=4920;i_porta_true_map=0.157432;i_porta_true_map_with_zeros=0.157432;images_per_sec=1.153780;kps_per_sec=432.975021;match_time_ms=843.000000;precision_at_1=0.171300;precision_at_10=0.288705;precision_at_5=0.248553;r0_rate=0.094528;recall_at_1=0.171300;recall_at_10=0.288705;recall_at_5=0.248553;success=true;total_images=60;total_keypoints=22516;total_queries_excluded=10642;total_queries_processed=101938;v_beyus_excluded_count=123;v_beyus_query_count=9877;v_beyus_true_map=0.110898;v_beyus_true_map_with_zeros=0.109533;v_charing_excluded_count=5915;v_charing_query_count=4085;v_charing_true_map=0.116496;v_charing_true_map_with_zeros=0.047589;v_churchill_excluded_count=789;v_churchill_query_count=9211;v_churchill_true_map=0.199153;v_churchill_true_map_with_zeros=0.183439;v_vitro_excluded_count=697;v_vitro_query_count=9303;v_vitro_true_map=0.164887;v_vitro_true_map_with_zeros=0.153394;v_wall_excluded_count=292;v_wall_query_count=7368;v_wall_true_map=0.245982;v_wall_true_map_with_zeros=0.236605;v_yard_excluded_count=2816;v_yard_query_count=7184;v_yard_true_map=0.134983;v_yard_true_map_with_zeros=0.096972;,0.204429640710477,0.2131209174563954,0.19232109852153423,0.19297495188905697,SIFT,False,L2,None,None,-0.28391496107517267,-58.13824091369646
40,surf_baseline,none,../data/,0.800000011920929,2000,0.16640782179552283,0.16640782179552283,0.17508246755525697,0.15878060540080308,0.15853221333849515,0.22455406755691712,0.10646667582255881,0.23837038199690008,0.10646667582255881,0.23837038199690008,24831,101940,49200.0,compute_time_ms=587.000000;detect_time_ms=0.000000;experiment_name=surf_baseline;i_autannes_excluded_count=0;i_autannes_query_count=10000;i_autannes_true_map=0.128488;i_autannes_true_map_with_zeros=0.128488;i_contruction_excluded_count=10;i_contruction_query_count=9990;i_contruction_true_map=0.435926;i_contruction_true_map_with_zeros=0.435491;i_dome_excluded_count=0;i_dome_query_count=10000;i_dome_true_map=0.128541;i_dome_true_map_with_zeros=0.128541;i_greentea_excluded_count=0;i_greentea_query_count=10000;i_greentea_true_map=0.472000;i_greentea_true_map_with_zeros=0.472000;i_londonbridge_excluded_count=0;i_londonbridge_query_count=10000;i_londonbridge_true_map=0.017511;i_londonbridge_true_map_with_zeros=0.017511;i_porta_excluded_count=0;i_porta_query_count=4920;i_porta_true_map=0.157153;i_porta_true_map_with_zeros=0.157153;images_per_sec=1.219512;kps_per_sec=457.642276;match_time_ms=504.000000;precision_at_1=0.106467;precision_at_10=0.278316;precision_at_5=0.238370;r0_rate=0.094528;recall_at_1=0.106467;recall_at_10=0.278316;recall_at_5=0.238370;success=true;total_images=60;total_keypoints=22516;total_queries_excluded=10642;total_queries_processed=101938;v_beyus_excluded_count=123;v_beyus_query_count=9877;v_beyus_true_map=0.074905;v_beyus_true_map_with_zeros=0.073984;v_charing_excluded_count=5915;v_charing_query_count=4085;v_charing_true_map=0.065571;v_charing_true_map_with_zeros=0.026786;v_churchill_excluded_count=789;v_churchill_query_count=9211;v_churchill_true_map=0.147462;v_churchill_true_map_with_zeros=0.135827;v_vitro_excluded_count=697;v_vitro_query_count=9303;v_vitro_true_map=0.095064;v_vitro_true_map_with_zeros=0.088438;v_wall_excluded_count=292;v_wall_query_count=7368;v_wall_true_map=0.181171;v_wall_true_map_with_zeros=0.174265;v_yard_excluded_count=2816;v_yard_query_count=7184;v_yard_true_map=0.093101;v_yard_true_map_with_zeros=0.066884;,0.16640782179552283,0.17508246755525697,0.15878060540080308,0.15853221333849515,SIFT,False,L2,None,None,-0.3219367799901269,-65.92409925551617
